학교ID,학교명,학교급구분,설립일자,설립형태,본교분교구분,운영상태,소재지지번주소,소재지도로명주소,시도교육청코드,시도교육청명,교육지원청코드,교육지원청명,생성일자,변경일자,위도,경도,데이터기준일자,제공기관코드,제공기관명
B000005990,전주서곡초등학교,초등학교,2000-03-01,공립,본교,운영,전북특별자치도 전주시 완산구 효자동3가 1474,전북특별자치도 전주시 완산구 서곡7길 30,8321000,전북특별자치도교육청,8332000,전북특별자치도전주교육지원청,2013-11-29,2023-11-15,35.83306061,127.1008952,2024-03-22,C738100,청주대학교 지방교육재정연구원
B000006014,전주인봉초등학교,초등학교,2001-03-01,공립,본교,운영,전북특별자치도 전주시 덕진구 인후동1가 917,전북특별자치도 전주시 덕진구 무삼지로 7,8321000,전북특별자치도교육청,8332000,전북특별자치도전주교육지원청,2013-11-29,2023-11-15,35.82691771,127.1650204,2024-03-22,C738100,청주대학교 지방교육재정연구원
B000005982,전주효자초등학교,초등학교,1985-06-15,공립,본교,운영,전북특별자치도 전주시 완산구 효자동1가 567,전북특별자치도 전주시 완산구 송정로 47,8321000,전북특별자치도교육청,8332000,전북특별자치도전주교육지원청,2013-11-29,2023-11-15,35.80324965,127.1227522,2024-03-22,C738100,청주대학교 지방교육재정연구원
B000011626,완산여자고등학교,고등학교,1974-11-18,사립,본교,운영,전북특별자치도 전주시 완산구 평화동1가 500-1,전북특별자치도 전주시 완산구 덕적골1길 60,8321000,전북특별자치도교육청,8332000,전북특별자치도전주교육지원청,2013-11-29,2023-11-15,35.79203367,127.1383432,2024-03-22,C738100,청주대학교 지방교육재정연구원
B000010214,전주서신중학교,중학교,1998-03-02,공립,본교,운영,전북특별자치도 전주시 완산구 서신동 833,전북특별자치도 전주시 완산구 안터2길 40,8321000,전북특별자치도교육청,8332000,전북특별자치도전주교육지원청,2013-11-29,2023-11-15,35.82877973,127.1167419,2024-03-22,C738100,청주대학교 지방교육재정연구원
B000006018,전주인후초등학교,초등학교,1998-09-15,공립,본교,운영,전북특별자치도 전주시 덕진구 인후동1가 844,전북특별자치도 전주시 덕진구 무삼지로 67,8321000,전북특별자치도교육청,8332000,전북특별자치도전주교육지원청,2013-11-29,2023-11-15,35.8318225,127.1623981,2024-03-22,C738100,청주대학교 지방교육재정연구원
B000012983,우석고등학교,고등학교,1972-03-01,사립,본교,운영,전북특별자치도 전주시 덕진구 동산동 685-1,전북특별자치도 전주시 덕진구 쪽구름2길 22,8321000,전북특별자치도교육청,8332000,전북특별자치도전주교육지원청,2013-11-29,2023-11-15,35.87324481,127.0779915,2024-03-22,C738100,청주대학교 지방교육재정연구원
B000005965,전주화산초등학교,초등학교,1971-10-12,공립,본교,운영,전북특별자치도 전주시 완산구 중화산동2가 46-25,전북특별자치도 전주시 완산구 따박골7길 20,8321000,전북특별자치도교육청,8332000,전북특별자치도전주교육지원청,2013-11-29,2023-11-15,35.80939327,127.1299903,2024-03-22,C738100,청주대학교 지방교육재정연구원
B000005989,전주우전초등학교,초등학교,1924-01-14,공립,본교,운영,전북특별자치도 전주시 완산구 효자동2가 188,전북특별자치도 전주시 완산구 우전2길 11,8321000,전북특별자치도교육청,8332000,전북특별자치도전주교육지원청,2013-11-29,2023-11-15,35.80597309,127.1073752,2024-03-22,C738100,청주대학교 지방교육재정연구원
B000005973,전주우림초등학교,초등학교,2008-03-01,공립,본교,운영,전북특별자치도 전주시 완산구 효자동2가 1193-6,전북특별자치도 전주시 완산구 소태정로 21,8321000,전북특별자치도교육청,8332000,전북특별자치도전주교육지원청,2013-11-29,2023-11-15,35.80662618,127.0982863,2024-03-22,C738100,청주대학교 지방교육재정연구원
B000005995,전주북초등학교,초등학교,1993-03-01,공립,본교,운영,전북특별자치도 전주시 덕진구 호성동1가 736,전북특별자치도 전주시 덕진구 소리로 180,8321000,전북특별자치도교육청,8332000,전북특별자치도전주교육지원청,2013-11-29,2023-11-15,35.85655402,127.1515186,2024-03-22,C738100,청주대학교 지방교육재정연구원
B000010215,전주풍남중학교,중학교,1981-03-01,공립,본교,운영,전북특별자치도 전주시 완산구 효자동1가 504-5,전북특별자치도 전주시 완산구 거마평로 83,8321000,전북특별자치도교육청,8332000,전북특별자치도전주교육지원청,2013-11-29,2023-11-15,35.79980046,127.1152469,2024-03-22,C738100,청주대학교 지방교육재정연구원
B000010224,전주서곡중학교,중학교,2003-03-03,공립,본교,운영,전북특별자치도 전주시 완산구 효자동3가 1407-4,전북특별자치도 전주시 완산구 서곡6길 23,8321000,전북특별자치도교육청,8332000,전북특별자치도전주교육지원청,2013-11-29,2023-11-15,35.83554893,127.1035986,2024-03-22,C738100,청주대학교 지방교육재정연구원
B000006011,전주송천초등학교,초등학교,1946-11-01,공립,본교,운영,전북특별자치도 전주시 덕진구 송천동1가 397,전북특별자치도 전주시 덕진구 송천1길 10,8321000,전북특별자치도교육청,8332000,전북특별자치도전주교육지원청,2013-11-29,2023-11-15,35.85682245,127.1199819,2024-03-22,C738100,청주대학교 지방교육재정연구원
B000006015,전주전라초등학교,초등학교,1984-03-01,공립,본교,운영,전북특별자치도 전주시 덕진구 인후동1가 575-1,전북특별자치도 전주시 덕진구 심방죽로 24,8321000,전북특별자치도교육청,8332000,전북특별자치도전주교육지원청,2013-11-29,2023-11-15,35.83919242,127.152228,2024-03-22,C738100,청주대학교 지방교육재정연구원
B000012979,완산고등학교,고등학교,1971-12-27,사립,본교,운영,전북특별자치도 전주시 완산구 삼천동3가 417,전북특별자치도 전주시 완산구 능안자구길 55,8321000,전북특별자치도교육청,8332000,전북특별자치도전주교육지원청,2013-11-29,2023-11-15,35.80240918,127.083885,2024-03-22,C738100,청주대학교 지방교육재정연구원
B000010248,전주덕진중학교,중학교,1945-11-15,사립,본교,운영,전북특별자치도 전주시 덕진구 덕진동2가 234-1,전북특별자치도 전주시 덕진구 기린대로 541-48,8321000,전북특별자치도교육청,8332000,전북특별자치도전주교육지원청,2013-11-29,2023-11-15,35.84406521,127.1169315,2024-03-22,C738100,청주대학교 지방교육재정연구원
B000005981,전주중산초등학교,초등학교,1995-04-10,공립,본교,운영,전북특별자치도 전주시 완산구 중화산동2가 614,전북특별자치도 전주시 완산구 중산중앙로 9-10,8321000,전북특별자치도교육청,8332000,전북특별자치도전주교육지원청,2013-11-29,2023-11-15,35.81746652,127.1196127,2024-03-22,C738100,청주대학교 지방교육재정연구원
B000005960,전주풍남초등학교,초등학교,1919-11-06,공립,본교,운영,전북특별자치도 전주시 완산구 남노송동 544-1,전북특별자치도 전주시 완산구 견훤왕궁로 16,8321000,전북특별자치도교육청,8332000,전북특별자치도전주교육지원청,2013-11-29,2023-11-15,35.82100253,127.1541845,2024-03-22,C738100,청주대학교 지방교육재정연구원
B000005974,전주용와초등학교,초등학교,2006-03-01,공립,본교,운영,전북특별자치도 전주시 완산구 삼천동1가 305-43,전북특별자치도 전주시 완산구 장승배기로 14,8321000,전북특별자치도교육청,8332000,전북특별자치도전주교육지원청,2013-11-29,2023-11-15,35.79121932,127.1147101,2024-03-22,C738100,청주대학교 지방교육재정연구원
B000010245,전주근영중학교,중학교,1971-03-02,사립,본교,운영,전북특별자치도 전주시 완산구 중화산동2가 247,전북특별자치도 전주시 완산구 영경1길 11,8321000,전북특별자치도교육청,8332000,전북특별자치도전주교육지원청,2013-11-29,2023-11-15,35.82030227,127.1246416,2024-03-22,C738100,청주대학교 지방교육재정연구원
B000012985,전주근영여자고등학교,고등학교,1971-03-02,사립,본교,운영,전북특별자치도 전주시 완산구 중화산동2가 247,전북특별자치도 전주시 완산구 영경1길 11,8321000,전북특별자치도교육청,8332000,전북특별자치도전주교육지원청,2013-11-29,2023-11-15,35.82030227,127.1246416,2024-03-22,C738100,청주대학교 지방교육재정연구원
B000006017,전주금평초등학교,초등학교,1982-09-01,공립,본교,운영,전북특별자치도 전주시 덕진구 인후동2가 1536,전북특별자치도 전주시 덕진구 명주3길 16,8321000,전북특별자치도교육청,8332000,전북특별자치도전주교육지원청,2013-11-29,2023-11-15,35.8433282,127.1467912,2024-03-22,C738100,청주대학교 지방교육재정연구원
B000006002,전주미산초등학교,초등학교,1949-11-26,공립,본교,운영,전북특별자치도 전주시 덕진구 전미동2가 305-2,전북특별자치도 전주시 덕진구 전미로 160,8321000,전북특별자치도교육청,8332000,전북특별자치도전주교육지원청,2013-11-29,2023-11-15,35.88395549,127.1096907,2024-03-22,C738100,청주대학교 지방교육재정연구원
B000012982,전주영생고등학교,고등학교,1953-05-05,사립,본교,운영,전북특별자치도 전주시 완산구 효자동3가 1191-1,전북특별자치도 전주시 완산구 천잠로 333,8321000,전북특별자치도교육청,8332000,전북특별자치도전주교육지원청,2013-11-29,2023-11-15,35.81609983,127.0919874,2024-03-22,C738100,청주대학교 지방교육재정연구원
B000005977,전주서문초등학교,초등학교,1997-09-01,공립,본교,운영,전북특별자치도 전주시 완산구 서신동 820,전북특별자치도 전주시 완산구 서신천변11길 19,8321000,전북특별자치도교육청,8332000,전북특별자치도전주교육지원청,2013-11-29,2023-11-15,35.82984999,127.1120592,2024-03-22,C738100,청주대학교 지방교육재정연구원
B000012980,전주신흥고등학교,고등학교,1900-09-09,사립,본교,운영,전북특별자치도 전주시 완산구 중화산동1가 188,전북특별자치도 전주시 완산구 서원로 399,8321000,전북특별자치도교육청,8332000,전북특별자치도전주교육지원청,2013-11-29,2023-11-15,35.81541013,127.1362767,2024-03-22,C738100,청주대학교 지방교육재정연구원
B000011625,전주생명과학고등학교,고등학교,1910-05-16,공립,본교,운영,전북특별자치도 전주시 덕진구 인후동2가 18-5,전북특별자치도 전주시 덕진구 안덕원로 195,8321000,전북특별자치도교육청,8332000,전북특별자치도전주교육지원청,2013-11-29,2023-11-15,35.83672624,127.1490519,2024-03-22,C738100,청주대학교 지방교육재정연구원
B000010216,전주남중학교,중학교,1937-04-19,공립,본교,운영,전북특별자치도 전주시 완산구 평화동1가 445-4,전북특별자치도 전주시 완산구 덕적골2길 30,8321000,전북특별자치도교육청,8332000,전북특별자치도전주교육지원청,2013-11-29,2023-11-15,35.79608353,127.1402939,2024-03-22,C738100,청주대학교 지방교육재정연구원
B000006016,전주북일초등학교,초등학교,1989-11-01,공립,본교,운영,전북특별자치도 전주시 덕진구 인후동1가 750-1,전북특별자치도 전주시 덕진구 견훤로 336,8321000,전북특별자치도교육청,8332000,전북특별자치도전주교육지원청,2013-11-29,2023-11-15,35.84208627,127.1559492,2024-03-22,C738100,청주대학교 지방교육재정연구원
B000010238,전일중학교,중학교,1970-03-03,공립,본교,운영,전북특별자치도 전주시 덕진구 인후동2가 39-16,전북특별자치도 전주시 덕진구 모래내6길 36,8321000,전북특별자치도교육청,8332000,전북특별자치도전주교육지원청,2013-11-29,2023-11-15,35.83829946,127.1449636,2024-03-22,C738100,청주대학교 지방교육재정연구원
B000012991,유일여자고등학교,고등학교,1983-03-01,사립,본교,운영,전북특별자치도 전주시 덕진구 인후동1가 500-37,전북특별자치도 전주시 덕진구 안덕원로 301,8321000,전북특별자치도교육청,8332000,전북특별자치도전주교육지원청,2013-11-29,2023-11-15,35.83901369,127.1599927,2024-03-22,C738100,청주대학교 지방교육재정연구원
B000012977,전일고등학교,고등학교,1981-03-09,사립,본교,운영,전북특별자치도 전주시 완산구 효자동3가 523,전북특별자치도 전주시 완산구 우전로 249,8321000,전북특별자치도교육청,8332000,전북특별자치도전주교육지원청,2013-11-29,2023-11-15,35.81567593,127.0997119,2024-03-22,C738100,청주대학교 지방교육재정연구원
B000012971,전북대학교사범대학부설고등학교,고등학교,1977-03-05,국립,본교,운영,전북특별자치도 전주시 덕진구 금암동 663,전북특별자치도 전주시 덕진구 백제대로 567,8321000,전북특별자치도교육청,8332000,전북특별자치도전주교육지원청,2013-11-29,2023-11-15,35.8411407,127.13158997,2024-03-22,C738100,청주대학교 지방교육재정연구원
B000010219,전주서중학교,중학교,1951-10-27,공립,본교,운영,전북특별자치도 전주시 완산구 서신동 762,전북특별자치도 전주시 완산구 당산로 2,8321000,전북특별자치도교육청,8332000,전북특별자치도전주교육지원청,2013-11-29,2023-11-15,35.83182841,127.1097297,2024-03-22,C738100,청주대학교 지방교육재정연구원
B000025594,전주온빛중학교,중학교,2014-03-01,공립,본교,운영,전북특별자치도 전주시 덕진구 장동 1070,전북특별자치도 전주시 덕진구 틀못4길 10,8321000,전북특별자치도교육청,8332000,전북특별자치도전주교육지원청,2013-11-29,2023-11-15,35.84350884,127.058398,2024-03-22,C738100,청주대학교 지방교육재정연구원
B000010225,전주평화중학교,중학교,2004-03-01,공립,본교,운영,전북특별자치도 전주시 완산구 평화동2가 911-2,전북특별자치도 전주시 완산구 평화로 74,8321000,전북특별자치도교육청,8332000,전북특별자치도전주교육지원청,2013-11-29,2023-11-15,35.78337483,127.1340232,2024-03-22,C738100,청주대학교 지방교육재정연구원
B000010220,전주신일중학교,중학교,2002-03-01,공립,본교,운영,전북특별자치도 전주시 완산구 중노송동 399-1,전북특별자치도 전주시 완산구 견훤왕궁2길 8,8321000,전북특별자치도교육청,8332000,전북특별자치도전주교육지원청,2013-11-29,2023-11-15,35.82896302,127.1532516,2024-03-22,C738100,청주대학교 지방교육재정연구원
B000010222,전주양지중학교,중학교,1994-03-02,공립,본교,운영,전북특별자치도 전주시 완산구 평화동2가 581-15,전북특별자치도 전주시 완산구 양지2길 11-16,8321000,전북특별자치도교육청,8332000,전북특별자치도전주교육지원청,2013-11-29,2023-11-15,35.79174135,127.1243865,2024-03-22,C738100,청주대학교 지방교육재정연구원
B000012972,전주고등학교,고등학교,1919-06-16,공립,본교,운영,전북특별자치도 전주시 완산구 중노송동 483-1,전북특별자치도 전주시 완산구 권삼득로 2,8321000,전북특별자치도교육청,8332000,전북특별자치도전주교육지원청,2013-11-29,2023-11-15,35.82470798,127.1525515,2024-03-22,C738100,청주대학교 지방교육재정연구원
B000005996,전주만수초등학교,초등학교,2006-03-01,공립,본교,운영,전북특별자치도 전주시 덕진구 호성동1가 829-1,전북특별자치도 전주시 덕진구 호성로 130,8321000,전북특별자치도교육청,8332000,전북특별자치도전주교육지원청,2013-11-29,2023-11-15,35.86298745,127.1476434,2024-03-22,C738100,청주대학교 지방교육재정연구원
B000022449,진북고등공민학교,중학교,1955-03-05,사립,본교,운영,전북특별자치도 전주시 덕진구 진북동 1144-9,전북특별자치도 전주시 덕진구 숲정이3길 35 . 진북고등학교 (진북동),8321000,전북특별자치도교육청,8332000,전북특별자치도전주교육지원청,2013-11-29,2023-11-15,35.83181614,127.1310811,2024-03-22,C738100,청주대학교 지방교육재정연구원
B000010244,전주신흥중학교,중학교,1900-09-09,사립,본교,운영,전북특별자치도 전주시 완산구 중화산동1가 188,전북특별자치도 전주시 완산구 서원로 399,8321000,전북특별자치도교육청,8332000,전북특별자치도전주교육지원청,2013-11-29,2023-11-15,35.81541013,127.1362767,2024-03-22,C738100,청주대학교 지방교육재정연구원
B000005959,전주초등학교,초등학교,1897-07-10,공립,본교,운영,전북특별자치도 전주시 완산구 태평동 22-2,전북특별자치도 전주시 완산구 대동로 33,8321000,전북특별자치도교육청,8332000,전북특별자치도전주교육지원청,2013-11-29,2023-11-15,35.82255286,127.1396496,2024-03-22,C738100,청주대학교 지방교육재정연구원
B000010235,전주온고을중학교,중학교,1982-03-05,공립,본교,운영,전북특별자치도 전주시 덕진구 인후동1가 117,전북특별자치도 전주시 덕진구 무삼지로 26,8321000,전북특별자치도교육청,8332000,전북특별자치도전주교육지원청,2013-11-29,2023-11-15,35.82915114,127.1654968,2024-03-22,C738100,청주대학교 지방교육재정연구원
B000010236,전주중앙중학교,중학교,1944-04-24,공립,본교,운영,전북특별자치도 전주시 덕진구 진북동 301-19,전북특별자치도 전주시 덕진구 공북2길 20,8321000,전북특별자치도교육청,8332000,전북특별자치도전주교육지원청,2013-11-29,2023-11-15,35.82800762,127.1380542,2024-03-22,C738100,청주대학교 지방교육재정연구원
B000005992,전주문학초등학교,초등학교,2008-03-01,공립,본교,운영,전북특별자치도 전주시 완산구 효자동3가 1614,전북특별자치도 전주시 완산구 문학로 30,8321000,전북특별자치도교육청,8332000,전북특별자치도전주교육지원청,2013-11-29,2023-11-15,35.82825061,127.1026766,2024-03-22,C738100,청주대학교 지방교육재정연구원
B000005985,전주효림초등학교,초등학교,1996-10-15,공립,본교,운영,전북특별자치도 전주시 완산구 효자동1가 659-2,전북특별자치도 전주시 완산구 강변로 128,8321000,전북특별자치도교육청,8332000,전북특별자치도전주교육지원청,2013-11-29,2023-11-15,35.80299582,127.1130419,2024-03-22,C738100,청주대학교 지방교육재정연구원
B000026521,전주양현초등학교,초등학교,2019-03-01,공립,본교,운영,전북특별자치도 전주시 덕진구 만성동 1357-4,전북특별자치도 전주시 덕진구 만성서로 96,8321000,전북특별자치도교육청,8332000,전북특별자치도전주교육지원청,2013-11-29,2023-11-15,35.84678295,127.0743556,2024-03-22,C738100,청주대학교 지방교육재정연구원
B000005976,전주서신초등학교,초등학교,1937-06-01,공립,본교,운영,전북특별자치도 전주시 완산구 서신동 31-1,전북특별자치도 전주시 완산구 전룡로 119,8321000,전북특별자치도교육청,8332000,전북특별자치도전주교육지원청,2013-11-29,2023-11-15,35.8296453,127.1248121,2024-03-22,C738100,청주대학교 지방교육재정연구원
B000006023,전주오송초등학교,초등학교,2008-03-01,공립,본교,운영,전북특별자치도 전주시 덕진구 송천동2가 179-23,전북특별자치도 전주시 덕진구 천마산로 87,8321000,전북특별자치도교육청,8332000,전북특별자치도전주교육지원청,2013-11-29,2023-11-15,35.86597905,127.1304116,2024-03-22,C738100,청주대학교 지방교육재정연구원
B000005998,전주아중초등학교,초등학교,1945-11-30,공립,본교,운영,전북특별자치도 전주시 덕진구 우아동1가 926-1,전북특별자치도 전주시 덕진구 인교5길 23,8321000,전북특별자치도교육청,8332000,전북특별자치도전주교육지원청,2013-11-29,2023-11-15,35.82769773,127.1756551,2024-03-22,C738100,청주대학교 지방교육재정연구원
B000010246,전주기전중학교,중학교,1900-04-24,사립,본교,운영,전북특별자치도 전주시 완산구 효자동3가 691-2,전북특별자치도 전주시 완산구 유연로 133,8321000,전북특별자치도교육청,8332000,전북특별자치도전주교육지원청,2013-11-29,2023-11-15,35.82623909,127.100655,2024-03-22,C738100,청주대학교 지방교육재정연구원
B000012986,호남제일고등학교,고등학교,1980-03-01,사립,본교,운영,전북특별자치도 전주시 완산구 효자동3가 1233,전북특별자치도 전주시 완산구 서원로 53,8321000,전북특별자치도교육청,8332000,전북특별자치도전주교육지원청,2013-11-29,2023-11-15,35.81390641,127.0992322,2024-03-22,C738100,청주대학교 지방교육재정연구원
B000006020,전주덕일초등학교,초등학교,1984-12-01,공립,본교,운영,전북특별자치도 전주시 덕진구 덕진동2가 99-1,전북특별자치도 전주시 덕진구 하가로 71,8321000,전북특별자치도교육청,8332000,전북특별자치도전주교육지원청,2013-11-29,2023-11-15,35.84855719,127.1117899,2024-03-22,C738100,청주대학교 지방교육재정연구원
B000010223,전주우전중학교,중학교,1993-03-02,공립,본교,운영,전북특별자치도 전주시 완산구 효자동2가 188,전북특별자치도 전주시 완산구 쑥고개로 375-28,8321000,전북특별자치도교육청,8332000,전북특별자치도전주교육지원청,2013-11-29,2023-11-15,35.80500421,127.1063739,2024-03-22,C738100,청주대학교 지방교육재정연구원
B000005975,전주삼천초등학교,초등학교,1988-09-01,공립,본교,운영,전북특별자치도 전주시 완산구 삼천동1가 585-1,전북특별자치도 전주시 완산구 성지산로 38,8321000,전북특별자치도교육청,8332000,전북특별자치도전주교육지원청,2013-11-29,2023-11-15,35.80084303,127.1236915,2024-03-22,C738100,청주대학교 지방교육재정연구원
B000026000,양현고등학교,고등학교,2015-03-01,공립,본교,운영,전북특별자치도 전주시 덕진구 장동 1072,전북특별자치도 전주시 덕진구 틀못2길 9,8321000,전북특별자치도교육청,8332000,전북특별자치도전주교육지원청,2013-11-29,2023-11-15,35.84218419,127.0587816,2024-03-22,C738100,청주대학교 지방교육재정연구원
B000006006,전주장동초등학교,초등학교,1969-03-01,공립,본교,운영,전북특별자치도 전주시 덕진구 장동 258-2,전북특별자치도 전주시 덕진구 원장동길 91-12,8321000,전북특별자치도교육청,8332000,전북특별자치도전주교육지원청,2013-11-29,2023-11-15,35.84928596,127.0601031,2024-03-22,C738100,청주대학교 지방교육재정연구원
B000005994,전주덕진초등학교,초등학교,1967-10-05,공립,본교,운영,전북특별자치도 전주시 덕진구 덕진동1가 1272-2,전북특별자치도 전주시 덕진구 들사평로 61,8321000,전북특별자치도교육청,8332000,전북특별자치도전주교육지원청,2013-11-29,2023-11-15,35.84126266,127.1242898,2024-03-22,C738100,청주대학교 지방교육재정연구원
B000005988,전주신성초등학교,초등학교,1994-12-01,공립,본교,운영,전북특별자치도 전주시 완산구 평화동2가 229,전북특별자치도 전주시 완산구 평화8길 16-36,8321000,전북특별자치도교육청,8332000,전북특별자치도전주교육지원청,2013-11-29,2023-11-15,35.7898653,127.1338498,2024-03-22,C738100,청주대학교 지방교육재정연구원
B000010237,전주덕일중학교,중학교,1994-03-02,공립,본교,운영,전북특별자치도 전주시 덕진구 덕진동2가 640-9,전북특별자치도 전주시 덕진구 하가로 67,8321000,전북특별자치도교육청,8332000,전북특별자치도전주교육지원청,2013-11-29,2023-11-15,35.84798826,127.1111668,2024-03-22,C738100,청주대학교 지방교육재정연구원
B000012974,전주솔내고등학교,고등학교,2002-03-02,공립,본교,운영,전북특별자치도 전주시 덕진구 송천동1가 111-3,전북특별자치도 전주시 덕진구 송천중앙로 170,8321000,전북특별자치도교육청,8332000,전북특별자치도전주교육지원청,2013-11-29,2023-11-15,35.86301323,127.1225064,2024-03-22,C738100,청주대학교 지방교육재정연구원
B000005991,전주지곡초등학교,초등학교,2002-03-01,공립,본교,운영,전북특별자치도 전주시 완산구 평화동2가 897-3,전북특별자치도 전주시 완산구 평화로 85,8321000,전북특별자치도교육청,8332000,전북특별자치도전주교육지원청,2013-11-29,2023-11-15,35.78433159,127.1329066,2024-03-22,C738100,청주대학교 지방교육재정연구원
B000011623,전주상업정보고등학교,고등학교,1944-04-24,공립,본교,운영,전북특별자치도 전주시 완산구 중화산동2가 546,전북특별자치도 전주시 완산구 따박골2길 21,8321000,전북특별자치도교육청,8332000,전북특별자치도전주교육지원청,2013-11-29,2023-11-15,35.81067636,127.124988,2024-03-22,C738100,청주대학교 지방교육재정연구원
B000010239,전주동중학교,중학교,1951-08-31,공립,본교,운영,전북특별자치도 전주시 덕진구 인후동2가 24-1,전북특별자치도 전주시 덕진구 심방죽로 23,8321000,전북특별자치도교육청,8332000,전북특별자치도전주교육지원청,2013-11-29,2023-11-15,35.83858477,127.1508852,2024-03-22,C738100,청주대학교 지방교육재정연구원
B000010247,전북중학교,중학교,1964-02-25,사립,본교,운영,전북특별자치도 전주시 덕진구 동산동 685-1,전북특별자치도 전주시 덕진구 쪽구름2길 22,8321000,전북특별자치도교육청,8332000,전북특별자치도전주교육지원청,2013-11-29,2023-11-15,35.87324481,127.0779915,2024-03-22,C738100,청주대학교 지방교육재정연구원
B000010221,서전주중학교,중학교,1984-03-01,공립,본교,운영,전북특별자치도 전주시 완산구 효자동1가 364-8,전북특별자치도 전주시 완산구 거마평로 205,8321000,전북특별자치도교육청,8332000,전북특별자치도전주교육지원청,2013-11-29,2023-11-15,35.81033988,127.1122327,2024-03-22,C738100,청주대학교 지방교육재정연구원
B000005987,전주양지초등학교,초등학교,1997-03-01,공립,본교,운영,전북특별자치도 전주시 완산구 평화동2가 582,전북특별자치도 전주시 완산구 양지2길 11-26,8321000,전북특별자치도교육청,8332000,전북특별자치도전주교육지원청,2013-11-29,2023-11-15,35.79251889,127.125929,2024-03-22,C738100,청주대학교 지방교육재정연구원
B000006009,전주원동초등학교,초등학교,1965-10-04,공립,본교,운영,전북특별자치도 전주시 덕진구 원동 361-1,전북특별자치도 전주시 덕진구 원동로 3,8321000,전북특별자치도교육청,8332000,전북특별자치도전주교육지원청,2013-11-29,2023-11-15,35.8511411,127.0334949,2024-03-22,C738100,청주대학교 지방교육재정연구원
B000005984,전주효문초등학교,초등학교,1993-09-01,공립,본교,운영,전북특별자치도 전주시 완산구 효자동1가 654-1,전북특별자치도 전주시 완산구 거마평로 105,8321000,전북특별자치도교육청,8332000,전북특별자치도전주교육지원청,2013-11-29,2023-11-15,35.80153545,127.1164974,2024-03-22,C738100,청주대학교 지방교육재정연구원
B000012992,전주한일고등학교,고등학교,1984-03-01,사립,본교,운영,전북특별자치도 전주시 완산구 서신동 71-2,전북특별자치도 전주시 완산구 백제대로 442,8321000,전북특별자치도교육청,8332000,전북특별자치도전주교육지원청,2013-11-29,2023-11-15,35.83124557,127.1236324,2024-03-22,C738100,청주대학교 지방교육재정연구원
B000010231,전주용소중학교,중학교,2005-03-01,공립,본교,운영,전북특별자치도 전주시 덕진구 송천동1가 842,전북특별자치도 전주시 덕진구 송천로 112,8321000,전북특별자치도교육청,8332000,전북특별자치도전주교육지원청,2013-11-29,2023-11-15,35.86268677,127.1174747,2024-03-22,C738100,청주대학교 지방교육재정연구원
B000010230,전주중학교,중학교,1982-03-15,공립,본교,운영,전북특별자치도 전주시 덕진구 송천동1가 395-26,전북특별자치도 전주시 덕진구 솔내5길 9,8321000,전북특별자치도교육청,8332000,전북특별자치도전주교육지원청,2013-11-29,2023-11-15,35.85787171,127.1227172,2024-03-22,C738100,청주대학교 지방교육재정연구원
B000005961,전주남초등학교,초등학교,1959-03-07,공립,본교,운영,전북특별자치도 전주시 완산구 서서학동 277,전북특별자치도 전주시 완산구 장승배기로 376,8321000,전북특별자치도교육청,8332000,전북특별자치도전주교육지원청,2013-11-29,2023-11-15,35.80318261,127.1510675,2024-03-22,C738100,청주대학교 지방교육재정연구원
B000005993,전주금암초등학교,초등학교,1951-09-23,공립,본교,운영,전북특별자치도 전주시 덕진구 금암동 540-3,전북특별자치도 전주시 덕진구 권삼득로 210,8321000,전북특별자치도교육청,8332000,전북특별자치도전주교육지원청,2013-11-29,2023-11-15,35.83809479,127.1368539,2024-03-22,C738100,청주대학교 지방교육재정연구원
B000005983,전주서원초등학교,초등학교,1990-03-06,공립,본교,운영,전북특별자치도 전주시 완산구 효자동1가 633,전북특별자치도 전주시 완산구 오두정길 45,8321000,전북특별자치도교육청,8332000,전북특별자치도전주교육지원청,2013-11-29,2023-11-15,35.80930758,127.1186619,2024-03-22,C738100,청주대학교 지방교육재정연구원
B000026003,전주하가초등학교,초등학교,2017-03-01,공립,본교,운영,전북특별자치도 전주시 덕진구 덕진동2가 685,전북특별자치도 전주시 덕진구 경동로 11,8321000,전북특별자치도교육청,8332000,전북특별자치도전주교육지원청,2013-11-29,2023-11-15,35.84380954,127.1069448,2024-03-22,C738100,청주대학교 지방교육재정연구원
B000012981,동암고등학교,고등학교,1981-03-01,사립,본교,운영,전북특별자치도 전주시 완산구 효자동2가 1200-2,전북특별자치도 전주시 완산구 소태정4길 1,8321000,전북특별자치도교육청,8332000,전북특별자치도전주교육지원청,2013-11-29,2023-11-15,35.80652136,127.1012295,2024-03-22,C738100,청주대학교 지방교육재정연구원
B000012973,전라고등학교,고등학교,1967-12-29,공립,본교,운영,전북특별자치도 전주시 덕진구 송천동1가 137-25,전북특별자치도 전주시 덕진구 솔내7길 25,8321000,전북특별자치도교육청,8332000,전북특별자치도전주교육지원청,2013-11-29,2023-11-15,35.8607435,127.1251438,2024-03-22,C738100,청주대학교 지방교육재정연구원
B000012976,전주제일고등학교,고등학교,1937-04-19,공립,본교,운영,전북특별자치도 전주시 완산구 남노송동 180-1,전북특별자치도 전주시 완산구 관선5길 15,8321000,전북특별자치도교육청,8332000,전북특별자치도전주교육지원청,2013-11-29,2023-11-15,35.82095883,127.1580639,2024-03-22,C738100,청주대학교 지방교육재정연구원
B000010242,완산중학교,중학교,1962-03-02,사립,본교,운영,전북특별자치도 전주시 완산구 평화동1가 500-1,전북특별자치도 전주시 완산구 덕적골1길 60,8321000,전북특별자치도교육청,8332000,전북특별자치도전주교육지원청,2013-11-29,2023-11-15,35.79206908,127.1383401,2024-03-22,C738100,청주대학교 지방교육재정연구원
B000005979,전주서일초등학교,초등학교,1999-06-01,공립,본교,운영,전북특별자치도 전주시 완산구 서신동 960-4,전북특별자치도 전주시 완산구 새터로 73,8321000,전북특별자치도교육청,8332000,전북특별자치도전주교육지원청,2013-11-29,2023-11-15,35.83624593,127.1147515,2024-03-22,C738100,청주대학교 지방교육재정연구원
B000005970,전주삼천남초등학교,초등학교,1992-09-01,공립,본교,운영,전북특별자치도 전주시 완산구 삼천동1가 635,전북특별자치도 전주시 완산구 거마남로 65,8321000,전북특별자치도교육청,8332000,전북특별자치도전주교육지원청,2013-11-29,2023-11-15,35.79648986,127.1237587,2024-03-22,C738100,청주대학교 지방교육재정연구원
B000013564,상산고등학교,고등학교,1981-03-04,사립,본교,운영,전북특별자치도 전주시 완산구 효자동1가 260,전북특별자치도 전주시 완산구 거마평로 130,8321000,전북특별자치도교육청,8332000,전북특별자치도전주교육지원청,2013-11-29,2023-11-15,35.80508487,127.1197274,2024-03-22,C738100,청주대학교 지방교육재정연구원
B000011624,전주공업고등학교,고등학교,1916-05-01,공립,본교,운영,전북특별자치도 전주시 덕진구 여의동 548-2,전북특별자치도 전주시 덕진구 여산로 101,8321000,전북특별자치도교육청,8332000,전북특별자치도전주교육지원청,2013-11-29,2023-11-15,35.86235186,127.0753697,2024-03-22,C738100,청주대학교 지방교육재정연구원
B000026489,전주화정초등학교,초등학교,2018-03-01,공립,본교,운영,전북특별자치도 전주시 덕진구 송천동2가 1310,전북특별자치도 전주시 덕진구 세병로 55,8321000,전북특별자치도교육청,8332000,전북특별자치도전주교육지원청,2013-11-29,2023-11-15,35.87304123,127.1315345,2024-03-22,C738100,청주대학교 지방교육재정연구원
B000006022,전주진북초등학교,초등학교,1961-04-03,공립,본교,운영,전북특별자치도 전주시 덕진구 진북동 1046-1,전북특별자치도 전주시 덕진구 진북1길 11,8321000,전북특별자치도교육청,8332000,전북특별자치도전주교육지원청,2013-11-29,2023-11-15,35.82531307,127.1320076,2024-03-22,C738100,청주대학교 지방교육재정연구원
B000006008,전주용덕초등학교,초등학교,1949-10-02,공립,본교,운영,전북특별자치도 전주시 덕진구 용정동 490-2,전북특별자치도 전주시 덕진구 용덕길 30,8321000,전북특별자치도교육청,8332000,전북특별자치도전주교육지원청,2013-11-29,2023-11-15,35.87694865,127.0514662,2024-03-22,C738100,청주대학교 지방교육재정연구원
B000005978,전주여울초등학교,초등학교,2003-09-01,공립,본교,운영,전북특별자치도 전주시 완산구 서신동 923,전북특별자치도 전주시 완산구 고사평8길 11,8321000,전북특별자치도교육청,8332000,전북특별자치도전주교육지원청,2013-11-29,2023-11-15,35.83743707,127.1111606,2024-03-22,C738100,청주대학교 지방교육재정연구원
B000012990,전북여자고등학교,고등학교,1983-03-02,사립,본교,운영,전북특별자치도 전주시 덕진구 고랑동 721-1,전북특별자치도 전주시 덕진구 여산로 232,8321000,전북특별자치도교육청,8332000,전북특별자치도전주교육지원청,2013-11-29,2023-11-15,35.87301072,127.0840677,2024-03-22,C738100,청주대학교 지방교육재정연구원
B000026004,전주새연초등학교,초등학교,2017-03-01,공립,본교,운영,전북특별자치도 전주시 완산구 효자동2가 1314-5,전북특별자치도 전주시 완산구 봉곡로 60,8321000,전북특별자치도교육청,8332000,전북특별자치도전주교육지원청,2013-11-29,2023-11-15,35.81149179,127.1002986,2024-03-22,C738100,청주대학교 지방교육재정연구원
B000012975,전주여자고등학교,고등학교,1926-05-25,공립,본교,운영,전북특별자치도 전주시 덕진구 인후동2가 35-1,전북특별자치도 전주시 덕진구 모래내6길 14,8321000,전북특별자치도교육청,8332000,전북특별자치도전주교육지원청,2013-11-29,2023-11-15,35.83662729,127.145885,2024-03-22,C738100,청주대학교 지방교육재정연구원
B000006013,전주동신초등학교,초등학교,1986-09-01,공립,본교,운영,전북특별자치도 전주시 덕진구 우아동3가 743-149,전북특별자치도 전주시 덕진구 우아9길 1,8321000,전북특별자치도교육청,8332000,전북특별자치도전주교육지원청,2013-11-29,2023-11-15,35.85182009,127.1563738,2024-03-22,C738100,청주대학교 지방교육재정연구원
B000005969,전주문정초등학교,초등학교,1955-04-01,공립,본교,운영,전북특별자치도 전주시 완산구 평화동3가 226,전북특별자치도 전주시 완산구 구이로 1979,8321000,전북특별자치도교육청,8332000,전북특별자치도전주교육지원청,2013-11-29,2023-11-15,35.77555003,127.1280733,2024-03-22,C738100,청주대학교 지방교육재정연구원
B000005999,전주기린초등학교,초등학교,1970-03-06,공립,본교,운영,전북특별자치도 전주시 덕진구 인후동1가 431-3,전북특별자치도 전주시 덕진구 견훤로 260,8321000,전북특별자치도교육청,8332000,전북특별자치도전주교육지원청,2013-11-29,2023-11-15,35.83508761,127.1591784,2024-03-22,C738100,청주대학교 지방교육재정연구원
B000010241,전주효문중학교,중학교,1979-03-06,사립,본교,운영,전북특별자치도 전주시 완산구 삼천동1가 208-1,전북특별자치도 전주시 완산구 용리로 92,8321000,전북특별자치도교육청,8332000,전북특별자치도전주교육지원청,2013-11-29,2023-11-15,35.7982023,127.1198927,2024-03-22,C738100,청주대학교 지방교육재정연구원
B000026002,전주홍산초등학교,초등학교,2016-03-01,공립,본교,운영,전북특별자치도 전주시 완산구 효자동3가 1685,전북특별자치도 전주시 완산구 마전들로 30,8321000,전북특별자치도교육청,8332000,전북특별자치도전주교육지원청,2013-11-29,2023-11-15,35.82067207,127.0989525,2024-03-22,C738100,청주대학교 지방교육재정연구원
B000010229,전주솔빛중학교,중학교,1981-03-09,공립,본교,운영,전북특별자치도 전주시 덕진구 송천동1가 127-29,전북특별자치도 전주시 덕진구 솔내6길 33,8321000,전북특별자치도교육청,8332000,전북특별자치도전주교육지원청,2013-11-29,2023-11-15,35.85903251,127.124056,2024-03-22,C738100,청주대학교 지방교육재정연구원
B000006000,전주용소초등학교,초등학교,2005-03-01,공립,본교,운영,전북특별자치도 전주시 덕진구 송천동1가 842,전북특별자치도 전주시 덕진구 송천4길 38,8321000,전북특별자치도교육청,8332000,전북특별자치도전주교육지원청,2013-11-29,2023-11-15,35.86223622,127.1176761,2024-03-22,C738100,청주대학교 지방교육재정연구원
B000012987,전주대학교사범대학부설고등학교,고등학교,1963-03-01,사립,본교,운영,전북특별자치도 전주시 완산구 효자동3가 1207-1,전북특별자치도 전주시 완산구 천잠로 313,8321000,전북특별자치도교육청,8332000,전북특별자치도전주교육지원청,2013-11-29,2023-11-15,35.81531188,127.0938165,2024-03-22,C738100,청주대학교 지방교육재정연구원
B000010233,전주우아중학교,중학교,1984-03-02,공립,본교,운영,전북특별자치도 전주시 덕진구 우아동3가 602-21,전북특별자치도 전주시 덕진구 호성로 6,8321000,전북특별자치도교육청,8332000,전북특별자치도전주교육지원청,2013-11-29,2023-11-15,35.85413557,127.1536003,2024-03-22,C738100,청주대학교 지방교육재정연구원
B000005971,전주용흥초등학교,초등학교,2000-09-01,공립,본교,운영,전북특별자치도 전주시 완산구 삼천동1가 765-2,전북특별자치도 전주시 완산구 삼천천변1길 16,8321000,전북특별자치도교육청,8332000,전북특별자치도전주교육지원청,2013-11-29,2023-11-15,35.79494464,127.1117956,2024-03-22,C738100,청주대학교 지방교육재정연구원
B000011622,한국전통문화고등학교,고등학교,2002-03-02,공립,본교,운영,전북특별자치도 전주시 완산구 중인동 676-1,전북특별자치도 전주시 완산구 중인1길 68-13,8321000,전북특별자치도교육청,8332000,전북특별자치도전주교육지원청,2013-11-29,2023-11-15,35.77240766,127.0978656,2024-03-22,C738100,청주대학교 지방교육재정연구원
B000026001,전주온빛초등학교,초등학교,2015-03-01,공립,본교,운영,전북특별자치도 전주시 덕진구 장동 1066,전북특별자치도 전주시 덕진구 틀못3길 7,8321000,전북특별자치도교육청,8332000,전북특별자치도전주교육지원청,2013-11-29,2023-11-15,35.84241844,127.0564499,2024-03-22,C738100,청주대학교 지방교육재정연구원
B000010232,전주오송중학교,중학교,2011-03-01,공립,본교,운영,전북특별자치도 전주시 덕진구 송천동2가 175-22,전북특별자치도 전주시 덕진구 천마산로 69,8321000,전북특별자치도교육청,8332000,전북특별자치도전주교육지원청,2013-11-29,2023-11-15,35.86587029,127.1284673,2024-03-22,C738100,청주대학교 지방교육재정연구원
B000010217,전주우림중학교,중학교,2011-03-01,공립,본교,운영,전북특별자치도 전주시 완산구 효자동2가 1199-3,전북특별자치도 전주시 완산구 우전로 119,8321000,전북특별자치도교육청,8332000,전북특별자치도전주교육지원청,2013-11-29,2023-11-15,35.80570638,127.0990235,2024-03-22,C738100,청주대학교 지방교육재정연구원
B000010234,전주기린중학교,중학교,1983-03-02,공립,본교,운영,전북특별자치도 전주시 덕진구 우아동3가 743-10,전북특별자치도 전주시 덕진구 동부대로 739,8321000,전북특별자치도교육청,8332000,전북특별자치도전주교육지원청,2013-11-29,2023-11-15,35.8541504,127.1569104,2024-03-22,C738100,청주대학교 지방교육재정연구원
B000005958,전주중앙초등학교,초등학교,1946-05-31,공립,본교,운영,전북특별자치도 전주시 완산구 풍남동3가 67-3,전북특별자치도 전주시 완산구 경기전길 99,8321000,전북특별자치도교육청,8332000,전북특별자치도전주교육지원청,2013-11-29,2023-11-15,35.81504675,127.1513304,2024-03-22,C738100,청주대학교 지방교육재정연구원
B000005963,전주완산서초등학교,초등학교,1992-09-01,공립,본교,운영,전북특별자치도 전주시 완산구 효자동1가 138-1,전북특별자치도 전주시 완산구 안행로 127,8321000,전북특별자치도교육청,8332000,전북특별자치도전주교육지원청,2013-11-29,2023-11-15,35.8067646,127.1336242,2024-03-22,C738100,청주대학교 지방교육재정연구원
B000026490,전라중학교,중학교,1968-03-28,공립,본교,운영,전북특별자치도 전주시 덕진구 송천동2가 1297,전북특별자치도 전주시 덕진구 세병로 196,8321000,전북특별자치도교육청,8332000,전북특별자치도자치도전주교육지원청,2013-11-29,2024-02-29,35.87992086,127.131387,2024-03-22,C738100,청주대학교 지방교육재정연구원
B000006010,전주송북초등학교,초등학교,1993-03-01,공립,본교,운영,전북특별자치도 전주시 덕진구 송천동1가 107-1,전북특별자치도 전주시 덕진구 천마산로 16,8321000,전북특별자치도교육청,8332000,전북특별자치도전주교육지원청,2013-11-29,2023-11-15,35.86337797,127.1243496,2024-03-22,C738100,청주대학교 지방교육재정연구원
B000006004,전주조촌초등학교,초등학교,1919-09-23,공립,본교,운영,전북특별자치도 전주시 덕진구 여의동 574-1,전북특별자치도 전주시 덕진구 쪽구름로 39,8321000,전북특별자치도교육청,8332000,전북특별자치도전주교육지원청,2013-11-29,2023-11-15,35.86952543,127.0758772,2024-03-22,C738100,청주대학교 지방교육재정연구원
B000012984,전주성심여자고등학교,고등학교,1952-04-30,사립,본교,운영,전북특별자치도 전주시 완산구 교동 280,전북특별자치도 전주시 완산구 경기전길 130,8321000,전북특별자치도교육청,8332000,전북특별자치도전주교육지원청,2013-11-29,2023-11-15,35.81195132,127.150661,2024-03-22,C738100,청주대학교 지방교육재정연구원
B000012978,전주해성고등학교,고등학교,1962-12-31,사립,본교,운영,전북특별자치도 전주시 완산구 삼천동2가 555,전북특별자치도 전주시 완산구 계룡산길 88,8321000,전북특별자치도교육청,8332000,전북특별자치도전주교육지원청,2013-11-29,2023-11-15,35.78676451,127.1008413,2024-03-22,C738100,청주대학교 지방교육재정연구원
B000012989,전주중앙여자고등학교,고등학교,1982-03-01,사립,본교,운영,전북특별자치도 전주시 덕진구 인후동1가 109-2,전북특별자치도 전주시 덕진구 석소로 25,8321000,전북특별자치도교육청,8332000,전북특별자치도전주교육지원청,2013-11-29,2023-11-15,35.82828292,127.1678274,2024-03-22,C738100,청주대학교 지방교육재정연구원
B000010227,전주아중중학교,중학교,2005-03-01,공립,본교,운영,전북특별자치도 전주시 덕진구 우아동2가 888-1,전북특별자치도 전주시 덕진구 중상보로 16,8321000,전북특별자치도교육청,8332000,전북특별자치도전주교육지원청,2013-11-29,2023-11-15,35.83248496,127.1703814,2024-03-22,C738100,청주대학교 지방교육재정연구원
B000006007,전주반월초등학교,초등학교,1997-03-03,공립,본교,운영,전북특별자치도 전주시 덕진구 반월동 238-6,전북특별자치도 전주시 덕진구 혁신로 707,8321000,전북특별자치도교육청,8332000,전북특별자치도전주교육지원청,2013-11-29,2023-11-15,35.8753551,127.0737414,2024-03-22,C738100,청주대학교 지방교육재정연구원
B000005964,전주서천초등학교,초등학교,1995-10-10,공립,본교,운영,전북특별자치도 전주시 완산구 서신동 761-3,전북특별자치도 전주시 완산구 당산로 9,8321000,전북특별자치도교육청,8332000,전북특별자치도전주교육지원청,2013-11-29,2023-11-15,35.83217864,127.1082808,2024-03-22,C738100,청주대학교 지방교육재정연구원
B000005962,전주완산초등학교,초등학교,1913-04-01,공립,본교,운영,전북특별자치도 전주시 완산구 동완산동 167,전북특별자치도 전주시 완산구 매곡로 22,8321000,전북특별자치도교육청,8332000,전북특별자치도전주교육지원청,2013-11-29,2023-11-15,35.81056438,127.1432813,2024-03-22,C738100,청주대학교 지방교육재정연구원
B000025620,전주만성초등학교,초등학교,1959-03-05,공립,본교,운영,전북특별자치도 전주시 덕진구 중동 803,전북특별자치도 전주시 덕진구 중동로 32,8321000,전북특별자치도교육청,8332000,전북특별자치도전주교육지원청,2013-11-29,2023-11-15,35.83673137,127.0654162,2024-03-22,C738100,청주대학교 지방교육재정연구원
B000006012,전주송원초등학교,초등학교,1997-03-01,공립,본교,운영,전북특별자치도 전주시 덕진구 송천동1가 602,전북특별자치도 전주시 덕진구 와룡로 25,8321000,전북특별자치도교육청,8332000,전북특별자치도전주교육지원청,2013-11-29,2023-11-15,35.86154103,127.1110038,2024-03-22,C738100,청주대학교 지방교육재정연구원
B000006021,전주동북초등학교,초등학교,1971-03-02,공립,본교,운영,전북특별자치도 전주시 덕진구 인후동2가 39-13,전북특별자치도 전주시 덕진구 견훤왕궁로 227,8321000,전북특별자치도교육청,8332000,전북특별자치도전주교육지원청,2013-11-29,2023-11-15,35.83899099,127.1444129,2024-03-22,C738100,청주대학교 지방교육재정연구원
B000010243,전주해성중학교,중학교,1960-04-11,사립,본교,운영,전북특별자치도 전주시 완산구 삼천동2가 555,전북특별자치도 전주시 완산구 계룡산길 88,8321000,전북특별자치도교육청,8332000,전북특별자치도전주교육지원청,2013-11-29,2023-11-15,35.78676751,127.1008413,2024-03-22,C738100,청주대학교 지방교육재정연구원
B000005966,전주한들초등학교,초등학교,2001-09-01,공립,본교,운영,전북특별자치도 전주시 완산구 중화산동2가 752-4,전북특별자치도 전주시 완산구 화산천변8길 10,8321000,전북특별자치도교육청,8332000,전북특별자치도전주교육지원청,2013-11-29,2023-11-15,35.82139815,127.1169855,2024-03-22,C738100,청주대학교 지방교육재정연구원
B000005980,전주동초등학교,초등학교,1957-05-06,공립,본교,운영,전북특별자치도 전주시 완산구 중노송동 399-1,전북특별자치도 전주시 완산구 물왕멀로 72,8321000,전북특별자치도교육청,8332000,전북특별자치도전주교육지원청,2013-11-29,2023-11-15,35.82952144,127.1524688,2024-03-22,C738100,청주대학교 지방교육재정연구원
B000006001,전주신동초등학교,초등학교,2000-03-01,공립,본교,운영,전북특별자치도 전주시 덕진구 송천동2가 1269,전북특별자치도 전주시 덕진구 솔내로 211,8321000,전북특별자치도교육청,8332000,전북특별자치도전주교육지원청,2013-11-29,2023-11-15,35.86895422,127.1266587,2024-03-22,C738100,청주대학교 지방교육재정연구원
B000010218,전주용흥중학교,중학교,2006-03-01,공립,본교,운영,전북특별자치도 전주시 완산구 삼천동1가 305-35,전북특별자치도 전주시 완산구 장승배기로 12,8321000,전북특별자치도교육청,8332000,전북특별자치도전주교육지원청,2013-11-29,2023-11-15,35.79141082,127.1137801,2024-03-22,C738100,청주대학교 지방교육재정연구원
B000012988,전주기전여자고등학교,고등학교,1900-04-24,사립,본교,운영,전북특별자치도 전주시 완산구 효자동3가 691-2,전북특별자치도 전주시 완산구 유연로 133,8321000,전북특별자치도교육청,8332000,전북특별자치도전주교육지원청,2013-11-29,2023-11-15,35.82623909,127.100655,2024-03-22,C738100,청주대학교 지방교육재정연구원
B000010213,전주곤지중학교,중학교,2005-03-01,공립,본교,운영,전북특별자치도 전주시 완산구 동완산동 395,전북특별자치도 전주시 완산구 매곡로 22,8321000,전북특별자치도교육청,8332000,전북특별자치도전주교육지원청,2013-11-29,2023-11-15,35.81056438,127.143278,2024-03-22,C738100,청주대학교 지방교육재정연구원
B000005997,전주초포초등학교,초등학교,1934-04-16,공립,본교,운영,전북특별자치도 전주시 덕진구 호성동2가 835,전북특별자치도 전주시 덕진구 초포로 171,8321000,전북특별자치도교육청,8332000,전북특별자치도전주교육지원청,2013-11-29,2023-11-15,35.87717541,127.1397004,2024-03-22,C738100,청주대학교 지방교육재정연구원
B000010226,전주호성중학교,중학교,1997-03-03,공립,본교,운영,전북특별자치도 전주시 덕진구 호성동1가 204-5,전북특별자치도 전주시 덕진구 배미실마을길 23,8321000,전북특별자치도교육청,8332000,전북특별자치도전주교육지원청,2013-11-29,2023-11-15,35.86432944,127.1571788,2024-03-22,C738100,청주대학교 지방교육재정연구원
B000006019,전주전일초등학교,초등학교,1997-03-01,공립,본교,운영,전북특별자치도 전주시 덕진구 진북동 382-1,전북특별자치도 전주시 덕진구 태진로 98,8321000,전북특별자치도교육청,8332000,전북특별자치도전주교육지원청,2013-11-29,2023-11-15,35.83036037,127.1375719,2024-03-22,C738100,청주대학교 지방교육재정연구원
B000005957,전주교육대학교전주부설초등학교,초등학교,1937-05-01,국립,본교,운영,전북특별자치도 전주시 완산구 서서학동 3-4,전북특별자치도 전주시 완산구 팔달로 74,8321000,전북특별자치도교육청,8332000,전북특별자치도전주교육지원청,2013-11-29,2023-11-15,35.80845873,127.1511138,2024-03-22,C738100,청주대학교 지방교육재정연구원
B000010240,전주성심여자중학교,중학교,1946-10-03,사립,본교,운영,전북특별자치도 전주시 완산구 교동 280,전북특별자치도 전주시 완산구 경기전길 130,8321000,전북특별자치도교육청,8332000,전북특별자치도전주교육지원청,2013-11-29,2023-11-15,35.81195132,127.150661,2024-03-22,C738100,청주대학교 지방교육재정연구원
B000005986,전주대정초등학교,초등학교,2006-03-01,공립,본교,운영,전북특별자치도 전주시 완산구 평화동2가 459,전북특별자치도 전주시 완산구 맏내로 57,8321000,전북특별자치도교육청,8332000,전북특별자치도전주교육지원청,2013-11-29,2023-11-15,35.78585162,127.1256189,2024-03-22,C738100,청주대학교 지방교육재정연구원
B000010212,전주효정중학교,중학교,1992-03-02,공립,본교,운영,전북특별자치도 전주시 완산구 서완산동1가 227-1,전북특별자치도 전주시 완산구 안행로 127,8321000,전북특별자치도교육청,8332000,전북특별자치도전주교육지원청,2013-11-29,2023-11-15,35.8067646,127.1336242,2024-03-22,C738100,청주대학교 지방교육재정연구원
B000005967,전주대성초등학교,초등학교,1950-03-20,공립,본교,운영,전북특별자치도 전주시 완산구 대성동 252-3,전북특별자치도 전주시 완산구 고덕산1길 20,8321000,전북특별자치도교육청,8332000,전북특별자치도전주교육지원청,2013-11-29,2023-11-15,35.79759727,127.1777868,2024-03-22,C738100,청주대학교 지방교육재정연구원
B000006003,전주팔복초등학교,초등학교,1958-07-18,공립,본교,운영,전북특별자치도 전주시 덕진구 동산동 374-1,전북특별자치도 전주시 덕진구 팔과정로 181,8321000,전북특별자치도교육청,8332000,전북특별자치도전주교육지원청,2013-11-29,2023-11-15,35.86366762,127.0945846,2024-03-22,C738100,청주대학교 지방교육재정연구원
B000005972,전주중인초등학교,초등학교,1948-10-20,공립,본교,운영,전북특별자치도 전주시 완산구 중인동 585-1,전북특별자치도 전주시 완산구 중인1길 80,8321000,전북특별자치도교육청,8332000,전북특별자치도전주교육지원청,2013-11-29,2023-11-15,35.77133085,127.0979383,2024-03-22,C738100,청주대학교 지방교육재정연구원
B000005968,전주평화초등학교,초등학교,1977-07-04,공립,본교,운영,전북특별자치도 전주시 완산구 평화동1가 389-2,전북특별자치도 전주시 완산구 꽃밭정로 65,8321000,전북특별자치도교육청,8332000,전북특별자치도전주교육지원청,2013-11-29,2023-11-15,35.79945862,127.1394668,2024-03-22,C738100,청주대학교 지방교육재정연구원
