"시도명",시군구명,도로종류,도로노선번호,도로노선명,도로노선방향,소재지도로명주소,소재지지번주소,위도,경도,신호기설치방식,도로형태,주도로여부,신호등관리번호,신호등구분,신호등색종류,신호등화방식,신호등화순서,신호등화시간,광원종류,신호제어방식,신호시간결정방식,점멸등운영여부,점멸등운영시작시각,점멸등운영종료시각,보행자작동신호기유무,잔여시간표시기유무,시각장애인용음향신호기유무,도로안내표지일련번호,관리기관명,관리기관전화번호,데이터기준일자
"전북특별자치도",전주시 덕진구,시도,17,동부대로,3,전북특별자치도 전주시 덕진구 동부대로 687,전북특별자치도 전주시 덕진구 우아동3가 746-43,35.84994792,127.1598611,3,2,Y,1,2,4,4,녹색+황색+녹색화살표+적색,50+3+50+50,2,3,1,N,00:00,00:00,N,Y,Y,,전북특별자치도 전주시청,063-281-5024,2024-01-17
"전북특별자치도",전주시 덕진구,시도,,백제대로,3,전북특별자치도 전주시 덕진구 백제대로 809,전북특별자치도 전주시 덕진구 우아동3가 747-63,35.84843776,127.1567955,3,2,Y,2,2,4,4,녹색+황색+녹색화살표+적색,50+3+50+50,2,3,1,N,00:00,00:00,N,Y,Y,,전북특별자치도 전주시청,063-281-5024,2024-01-17
"전북특별자치도",전주시 덕진구,시도,,백제대로,3,,전북특별자치도 전주시 덕진구 우아동3가 733-8,35.84753806,127.1523969,3,2,Y,3,2,4,4,녹색+황색+녹색화살표+적색,50+3+50+50,2,3,1,N,00:00,00:00,N,Y,Y,,전북특별자치도 전주시청,063-281-5024,2024-01-17
"전북특별자치도",전주시 덕진구,시도,,백제대로,3,전북특별자치도 전주시 덕진구 백제대로 744,전북특별자치도 전주시 덕진구 인후동2가 1574-1,35.84558665,127.150371,3,2,Y,4,2,4,4,녹색+황색+녹색화살표+적색,50+3+50+50,2,3,1,Y,22:00,07:00,N,Y,N,,전북특별자치도 전주시청,063-281-5024,2024-01-17
"전북특별자치도",전주시 덕진구,시도,,백제대로,3,전북특별자치도 전주시 덕진구 백제대로 720,전북특별자치도 전주시 덕진구 인후동2가 1557-1,35.8448508,127.1477319,3,2,Y,5,2,4,4,녹색+황색+녹색화살표+적색,50+3+50+50,2,3,1,Y,00:00,06:30,N,Y,N,,전북특별자치도 전주시청,063-281-5024,2024-01-17
"전북특별자치도",전주시 덕진구,시도,,백제대로,3,전북특별자치도 전주시 덕진구 백제대로 702,전북특별자치도 전주시 덕진구 인후동2가 1529-9,35.84424027,127.146008,3,1,Y,5.A,2,3,3,녹색+황색+적색,50+3+50,2,3,1,Y,00:00,06:30,N,Y,N,,전북특별자치도 전주시청,063-281-5024,2024-01-17
"전북특별자치도",전주시 덕진구,시도,,백제대로,3,전북특별자치도 전주시 덕진구 백제대로 681,전북특별자치도 전주시 덕진구 금암동 1595-23,35.84428584,127.1434632,3,2,Y,6,2,4,4,녹색+황색+녹색화살표+적색,50+3+50+50,2,3,1,Y,00:00,06:00,N,Y,N,,전북특별자치도 전주시청,063-281-5024,2024-01-17
"전북특별자치도",전주시 덕진구,시도,,백제대로,3,전북특별자치도 전주시 덕진구 백제대로 671,전북특별자치도 전주시 덕진구 금암동 1593-4,35.84404313,127.1426349,3,2,Y,6.A,2,4,4,녹색+황색+녹색화살표+적색,50+3+50+50,2,3,1,Y,23:00,06:30,N,Y,Y,,전북특별자치도 전주시청,063-281-5024,2024-01-17
"전북특별자치도",전주시 덕진구,시도,,백제대로,3,전북특별자치도 전주시 덕진구 백제대로 659,전북특별자치도 전주시 덕진구 금암동 1591-13,35.84365936,127.1412742,3,1,Y,7,2,3,3,녹색+황색+적색,50+3+50,2,3,1,N,00:00,00:00,N,Y,N,,전북특별자치도 전주시청,063-281-5024,2024-01-17
"전북특별자치도",전주시 덕진구,시도,,백제대로,3,전북특별자치도 전주시 덕진구 백제대로 639,전북특별자치도 전주시 덕진구 금암동 1589-1,35.84303518,127.1393153,3,2,Y,8,2,4,4,녹색+황색+녹색화살표+적색,50+3+50+50,2,3,1,N,00:00,00:00,N,Y,Y,,전북특별자치도 전주시청,063-281-5024,2024-01-17
"전북특별자치도",전주시 덕진구,시도,,백제대로,3,전북특별자치도 전주시 덕진구 백제대로 611,전북특별자치도 전주시 덕진구 금암동 1548-11,35.84240006,127.1366543,3,1,Y,9,2,3,3,녹색+황색+적색,50+3+50,2,3,1,N,00:00,00:00,N,Y,N,,전북특별자치도 전주시청,063-281-5024,2024-01-17
"전북특별자치도",전주시 덕진구,시도,,백제대로,3,전북특별자치도 전주시 덕진구 백제대로 595,전북특별자치도 전주시 덕진구 금암동 1549-16,35.84161992,127.1347458,3,1,Y,10,2,3,3,녹색+황색+적색,50+3+50,2,3,1,N,00:00,00:00,N,Y,N,,전북특별자치도 전주시청,063-281-5024,2024-01-17
"전북특별자치도",전주시 덕진구,시도,,백제대로,3,,전북특별자치도 전주시 덕진구 금암동 1518-34,35.84046578,127.132014,3,2,Y,11,2,4,4,녹색+황색+녹색화살표+적색,50+3+50+50,2,3,1,Y,09:00,00:00,N,Y,N,,전북특별자치도 전주시청,063-281-5024,2024-01-17
"전북특별자치도",전주시 덕진구,시도,,백제대로,3,,전북특별자치도 전주시 덕진구 덕진동1가 1251-12,35.83792398,127.126568,3,2,Y,14,2,4,4,녹색+황색+녹색화살표+적색,50+3+50+50,2,3,1,N,00:00,00:00,N,Y,Y,,전북특별자치도 전주시청,063-281-5024,2024-01-17
"전북특별자치도",전주시 완산구,시도,,백제대로,3,,전북특별자치도 전주시 완산구 서신동 738-178,35.83398426,127.1226388,3,2,Y,16,2,4,4,녹색+황색+녹색화살표+적색,50+3+50+50,2,3,1,N,00:00,00:00,N,Y,Y,,전북특별자치도 전주시청,063-281-5024,2024-01-17
"전북특별자치도",전주시 완산구,시도,,백제대로,3,,전북특별자치도 전주시 완산구 서신동 292-1,35.82852589,127.1228861,3,2,Y,18,2,4,4,녹색+황색+녹색화살표+적색,50+3+50+50,2,3,1,Y,00:00,06:30,N,Y,N,,전북특별자치도 전주시청,063-281-5024,2024-01-17
"전북특별자치도",전주시 완산구,시도,,백제대로,3,전북특별자치도 전주시 완산구 백제대로 361,전북특별자치도 전주시 완산구 서신동 991-5,35.82550943,127.1222318,3,2,Y,19,2,4,4,녹색+황색+녹색화살표+적색,50+3+50+50,2,3,1,Y,00:00,06:00,N,Y,N,,전북특별자치도 전주시청,063-281-5024,2024-01-17
"전북특별자치도",전주시 완산구,시도,,백제대로,3,전북특별자치도 전주시 완산구 백제대로 309,전북특별자치도 전주시 완산구 중화산동2가 578-5,35.820707,127.1223793,3,2,Y,20,2,4,4,녹색+황색+녹색화살표+적색,50+3+50+50,2,3,1,N,00:00,00:00,N,Y,N,,전북특별자치도 전주시청,063-281-5024,2024-01-17
"전북특별자치도",전주시 완산구,시도,,백제대로,3,전북특별자치도 전주시 완산구 백제대로 289,전북특별자치도 전주시 완산구 중화산동2가 595-1,35.81885187,127.1224484,3,2,Y,21,2,4,4,녹색+황색+녹색화살표+적색,50+3+50+50,2,3,1,N,00:00,00:00,N,Y,N,,전북특별자치도 전주시청,063-281-5024,2024-01-17
"전북특별자치도",전주시 완산구,시도,,백제대로,3,전북특별자치도 전주시 완산구 백제대로 264,전북특별자치도 전주시 완산구 중화산동2가 651-3,35.81676534,127.1233548,3,2,Y,22,2,4,4,녹색+황색+녹색화살표+적색,50+3+50+50,2,3,1,Y,20:00,06:30,N,Y,Y,,전북특별자치도 전주시청,063-281-5024,2024-01-17
"전북특별자치도",전주시 완산구,시도,,백제대로,3,전북특별자치도 전주시 완산구 신봉로 72,전북특별자치도 전주시 완산구 효자동1가 636-2,35.809214,127.122507,3,2,Y,24,2,4,4,녹색+황색+녹색화살표+적색,50+3+50+50,2,3,1,N,00:00,00:00,N,Y,N,,전북특별자치도 전주시청,063-281-5024,2024-01-17
"전북특별자치도",전주시 완산구,시도,,백제대로,3,전북특별자치도 전주시 완산구 구룡2길 11-1,전북특별자치도 전주시 완산구 효자동2가 1255-6,35.81336845,127.1032203,3,2,Y,25,2,4,4,녹색+황색+녹색화살표+적색,50+3+50+50,2,3,1,Y,09:00,00:00,N,Y,Y,,전북특별자치도 전주시청,063-281-5024,2024-01-17
"전북특별자치도",전주시 완산구,시도,,백제대로,3,,전북특별자치도 전주시 완산구 삼천동1가 532-12,35.802639,127.125371,3,2,Y,26,2,4,4,녹색+황색+녹색화살표+적색,50+3+50+50,2,3,1,Y,00:00,06:30,N,Y,Y,,전북특별자치도 전주시청,063-281-5024,2024-01-17
"전북특별자치도",전주시 완산구,시도,,백제대로,3,전북특별자치도 전주시 완산구 백제대로 54,전북특별자치도 전주시 완산구 삼천동1가 743-19,35.79938255,127.1292417,3,2,Y,28,2,4,4,녹색+황색+녹색화살표+적색,50+3+50+50,2,3,1,N,00:00,00:00,N,Y,Y,,전북특별자치도 전주시청,063-281-5024,2024-01-17
"전북특별자치도",전주시 완산구,시도,,백제대로,3,,전북특별자치도 전주시 완산구 평화동1가 산123,35.7978744,127.1306427,3,2,Y,29,2,4,4,녹색+황색+녹색화살표+적색,50+3+50+50,2,3,3,N,00:00,00:00,N,Y,Y,,전북특별자치도 전주시청,063-281-5024,2024-01-17
"전북특별자치도",전주시 완산구,시도,27,모악로,3,,전북특별자치도 전주시 완산구 평화동1가 614-2,35.795559,127.1327061,3,2,Y,30,2,4,4,녹색+황색+녹색화살표+적색,50+3+50+50,2,3,1,N,00:00,00:00,N,Y,N,,전북특별자치도 전주시청,063-281-5024,2024-01-17
"전북특별자치도",전주시 완산구,시도,27,모악로,3,전북특별자치도 전주시 완산구 모악로 4760,전북특별자치도 전주시 완산구 평화동1가 731-6,35.79427909,127.1326852,3,2,Y,31,2,4,4,녹색+황색+녹색화살표+적색,50+3+50+50,2,3,1,N,00:00,00:00,N,Y,N,,전북특별자치도 전주시청,063-281-5024,2024-01-17
"전북특별자치도",전주시 완산구,시도,27,모악로,3,전북특별자치도 전주시 완산구 모악로 4725,전북특별자치도 전주시 완산구 평화동2가 850-5,35.79114981,127.1312091,3,2,Y,33,2,4,4,녹색+황색+녹색화살표+적색,50+3+50+50,2,3,1,Y,23:00,07:00,N,Y,N,,전북특별자치도 전주시청,063-281-5024,2024-01-17
"전북특별자치도",전주시 덕진구,시도,26,동부대로,3,전북특별자치도 전주시 덕진구 동부대로 710,전북특별자치도 전주시 덕진구 우아동3가 745-42,35.85178979,127.159476,3,1,Y,38,2,3,3,녹색+황색+적색,50+3+50,2,3,1,N,00:00,00:00,N,Y,N,,전북특별자치도 전주시청,063-281-5024,2024-01-17
"전북특별자치도",전주시 덕진구,시도,,조경단로,3,,전북특별자치도 전주시 덕진구 금암동 632-164,35.844667,127.1383191,3,2,Y,40,2,4,4,녹색+황색+녹색화살표+적색,50+3+50+50,2,3,1,Y,00:00,06:30,N,Y,N,,전북특별자치도 전주시청,063-281-5024,2024-01-17
"전북특별자치도",전주시 덕진구,시도,,견휜로,3,전북특별자치도 전주시 덕진구 견훤로 425-1,전북특별자치도 전주시 덕진구 인후동2가 1569-46,35.849095,127.1518837,3,1,Y,41,1,3,3,녹색+황색+적색,50+3+50,2,3,1,Y,00:00,06:20,N,N,N,,전북특별자치도 전주시청,063-281-5024,2024-01-17
"전북특별자치도",전주시 덕진구,시도,,견휜로,3,,전북특별자치도 전주시 덕진구 우아동3가 742,35.84496809,127.1533291,3,1,Y,42,2,3,3,녹색+황색+적색,50+3+50,2,3,1,Y,00:00,06:30,N,Y,N,,전북특별자치도 전주시청,063-281-5024,2024-01-17
"전북특별자치도",전주시 덕진구,시도,,견휜로,3,,전북특별자치도 전주시 덕진구 우아동3가 694-7,35.843897,127.1537101,3,2,Y,43,2,4,4,녹색+황색+녹색화살표+적색,50+3+50+50,2,3,1,Y,23:00,06:30,N,Y,N,,전북특별자치도 전주시청,063-281-5024,2024-01-17
"전북특별자치도",전주시 완산구,시도,,서원로,3,,전북특별자치도 전주시 완산구 중화산동2가 517-4,35.81205963,127.1247755,3,2,Y,45.A,2,4,4,녹색+황색+녹색화살표+적색,50+3+50+50,2,3,1,N,00:00,00:00,N,Y,Y,,전북특별자치도 전주시청,063-281-5024,2024-01-17
"전북특별자치도",전주시 완산구,시도,,안행로,3,전북특별자치도 전주시 완산구 안행로 44,전북특별자치도 전주시 완산구 삼천동1가 751-1,35.80117095,127.1328598,3,2,Y,47,1,4,4,녹색+황색+녹색화살표+적색,50+3+50+50,2,3,1,Y,22:00,06:00,N,N,N,,전북특별자치도 전주시청,063-281-5024,2024-01-17
"전북특별자치도",전주시 완산구,시도,,용리로,3,전북특별자치도 전주시 완산구 용리로 177,전북특별자치도 전주시 완산구 삼천동1가 585-10,35.798751,127.1277128,3,1,Y,48,2,3,3,녹색+황색+적색,50+3+50,2,3,1,Y,23:00,06:30,N,Y,N,,전북특별자치도 전주시청,063-281-5024,2024-01-17
"전북특별자치도",전주시 덕진구,시도,1,혁신로,3,,전북특별자치도 전주시 덕진구 반월동 255-5,35.87144033,127.0733455,3,2,Y,52.A,2,3,3,녹색+황색+적색,50+3+50,2,3,1,N,00:00,00:00,N,Y,N,,전북특별자치도 전주시청,063-281-5024,2024-01-17
"전북특별자치도",전주시 덕진구,시도,1,혁신로,3,,전북특별자치도 전주시 덕진구 여의동 1217-2,35.86875056,127.071937,3,2,Y,53,2,4,4,녹색+황색+녹색화살표+적색,50+3+50+50,2,3,1,Y,22:00,06:30,N,Y,Y,,전북특별자치도 전주시청,063-281-5024,2024-01-17
"전북특별자치도",전주시 덕진구,시도,713,혁신로,3,,전북특별자치도 전주시 덕진구 여의동 1161-3,35.863331,127.0691521,3,2,Y,54,2,4,4,녹색+황색+녹색화살표+적색,50+3+50+50,2,3,1,Y,00:00,06:00,N,Y,N,,전북특별자치도 전주시청,063-281-5024,2024-01-17
"전북특별자치도",전주시 덕진구,시도,26,동부대로,3,,전북특별자치도 전주시 덕진구 고랑동 814-25,35.87580714,127.083222,3,2,Y,55,2,4,4,녹색+황색+녹색화살표+적색,50+3+50+50,2,3,1,N,00:00,00:00,N,Y,N,,전북특별자치도 전주시청,063-281-5024,2024-01-17
"전북특별자치도",전주시 덕진구,시도,26,동부대로,3,,전북특별자치도 전주시 덕진구 고랑동 1178-5,35.87601674,127.0832231,3,2,Y,56,2,4,4,녹색+황색+녹색화살표+적색,50+3+50+50,2,3,1,Y,00:00,06:30,N,Y,N,,전북특별자치도 전주시청,063-281-5024,2024-01-17
"전북특별자치도",전주시 덕진구,시도,,쪽구름로,3,전북특별자치도 전주시 덕진구 쪽구름로 120,전북특별자치도 전주시 덕진구 반월동 422-22,35.87416504,127.072147,3,2,Y,57,2,4,4,녹색+황색+녹색화살표+적색,50+3+50+50,2,3,1,Y,23:00,06:30,N,Y,N,,전북특별자치도 전주시청,063-281-5024,2024-01-17
"전북특별자치도",전주시 덕진구,시도,27,기린대로,3,,전북특별자치도 전주시 덕진구 여의동 691-24,35.86681897,127.0760673,3,1,Y,58,2,3,3,녹색+황색+적색,50+3+50,2,3,3,Y,23:00,06:30,Y,Y,N,,전북특별자치도 전주시청,063-281-5024,2024-01-17
"전북특별자치도",전주시 덕진구,시도,27,기린대로,3,,전북특별자치도 전주시 덕진구 팔복동1가 386-4,35.85987905,127.0934321,3,2,Y,62,2,4,4,녹색+황색+녹색화살표+적색,50+3+50+50,2,3,1,Y,23:00,06:00,N,Y,Y,,전북특별자치도 전주시청,063-281-5024,2024-01-17
"전북특별자치도",전주시 덕진구,시도,27,기린대로,3,,전북특별자치도 전주시 덕진구 팔복동2가 306-36,35.85768955,127.0972352,3,2,Y,63,2,4,4,녹색+황색+녹색화살표+적색,50+3+50+50,2,3,3,Y,22:00,06:00,Y,Y,N,,전북특별자치도 전주시청,063-281-5024,2024-01-17
"전북특별자치도",전주시 덕진구,시도,27,기린대로,3,,전북특별자치도 전주시 덕진구 팔복동1가 308-10,35.854921,127.1030761,3,2,Y,64,2,4,4,녹색+황색+녹색화살표+적색,50+3+50+50,2,3,1,Y,00:00,07:00,N,Y,N,,전북특별자치도 전주시청,063-281-5024,2024-01-17
"전북특별자치도",전주시 덕진구,시도,27,기린대로,3,,전북특별자치도 전주시 덕진구 팔복동2가 799-51,35.85362107,127.1046624,3,2,Y,65,2,4,4,녹색+황색+녹색화살표+적색,50+3+50+50,2,3,1,N,00:00,00:00,N,Y,N,,전북특별자치도 전주시청,063-281-5024,2024-01-17
"전북특별자치도",전주시 덕진구,시도,27,기린대로,3,,전북특별자치도 전주시 덕진구 팔복동2가 31-2,35.85295752,127.1059855,3,2,Y,66,2,4,4,녹색+황색+녹색화살표+적색,50+3+50+50,2,3,1,N,00:00,00:00,N,Y,Y,,전북특별자치도 전주시청,063-281-5024,2024-01-17
"전북특별자치도",전주시 덕진구,시도,27,기린대로,3,,전북특별자치도 전주시 덕진구 팔복동2가 51-2,35.850969,127.1103808,3,2,Y,67,2,4,4,녹색+황색+녹색화살표+적색,50+3+50+50,2,3,1,N,00:00,00:00,N,Y,N,,전북특별자치도 전주시청,063-281-5024,2024-01-17
"전북특별자치도",전주시 덕진구,시도,27,기린대로,3,,전북특별자치도 전주시 덕진구 덕진동2가 129,35.8485021,127.1153278,3,1,Y,69,2,3,3,녹색+황색+적색,50+3+50,2,3,1,Y,22:00,06:00,N,Y,N,,전북특별자치도 전주시청,063-281-5024,2024-01-17
"전북특별자치도",전주시 덕진구,시도,27,가리내로,3,,전북특별자치도 전주시 덕진구 덕진동2가 24-8,35.852361,127.115159,3,2,Y,70,1,4,4,녹색+황색+녹색화살표+적색,50+3+50+50,2,3,1,N,00:00,00:00,N,N,N,,전북특별자치도 전주시청,063-281-5024,2024-01-17
"전북특별자치도",전주시 덕진구,시도,27,기린대로,3,,전북특별자치도 전주시 덕진구 덕진동2가 147-7,35.84761666,127.117662,3,2,Y,71,2,4,4,녹색+황색+녹색화살표+적색,50+3+50+50,2,3,1,N,00:00,00:00,N,Y,N,,전북특별자치도 전주시청,063-281-5024,2024-01-17
"전북특별자치도",전주시 덕진구,시도,27,기린대로,3,,전북특별자치도 전주시 덕진구 덕진동2가 204-10,35.84631544,127.120267,3,1,Y,72,2,3,3,녹색+황색+적색,50+3+50,2,3,1,N,00:00,00:00,N,Y,Y,,전북특별자치도 전주시청,063-281-5024,2024-01-17
"전북특별자치도",전주시 덕진구,시도,27,기린대로,3,,전북특별자치도 전주시 덕진구 덕진동1가 1362-7,35.84524295,127.1214933,3,1,Y,72.A,2,3,3,녹색+황색+적색,50+3+50,2,3,1,Y,00:00,06:30,N,Y,N,,전북특별자치도 전주시청,063-281-5024,2024-01-17
"전북특별자치도",전주시 덕진구,시도,27,기린대로,3,전북특별자치도 전주시 덕진구 기린대로 496,전북특별자치도 전주시 덕진구 덕진동1가 1276-6,35.84366173,127.1242811,3,2,Y,73,2,4,4,녹색+황색+녹색화살표+적색,50+3+50+50,2,3,1,N,00:00,00:00,N,Y,Y,,전북특별자치도 전주시청,063-281-5024,2024-01-17
"전북특별자치도",전주시 덕진구,시도,27,기린대로,3,,전북특별자치도 전주시 덕진구 금암동 498-24,35.83300919,127.1383147,3,2,Y,77,2,4,4,녹색+황색+녹색화살표+적색,50+3+50+50,2,3,1,N,00:00,00:00,N,Y,N,,전북특별자치도 전주시청,063-281-5024,2024-01-17
"전북특별자치도",전주시 덕진구,시도,,조경단로,3,,전북특별자치도 전주시 덕진구 금암동 522-76,35.83601309,127.1365352,3,2,Y,79,1,4,4,녹색+황색+녹색화살표+적색,50+3+50+50,2,3,1,Y,23:00,06:00,N,N,N,,전북특별자치도 전주시청,063-281-5024,2024-01-17
"전북특별자치도",전주시 덕진구,시도,27,가리내로,3,,전북특별자치도 전주시 덕진구 금암동 795-25,35.83463278,127.1276474,3,2,Y,81,2,4,4,녹색+황색+녹색화살표+적색,50+3+50+50,2,3,1,N,00:00,00:00,N,Y,Y,,전북특별자치도 전주시청,063-281-5024,2024-01-17
"전북특별자치도",전주시 덕진구,시도,27,가리내로,3,전북특별자치도 전주시 덕진구 전주천동로 451,전북특별자치도 전주시 덕진구 진북동 1168-1,35.833963,127.1272689,3,1,Y,81.A,1,3,3,녹색+황색+적색,50+3+50,2,3,1,Y,23:00,06:00,N,N,N,,전북특별자치도 전주시청,063-281-5024,2024-01-17
"전북특별자치도",전주시 덕진구,시도,,권삼득로,3,,전북특별자치도 전주시 덕진구 진북동 395-1,35.833348,127.139373,3,2,Y,82,2,4,4,녹색+황색+녹색화살표+적색,50+3+50+50,2,3,1,Y,23:00,06:00,N,Y,N,,전북특별자치도 전주시청,063-281-5024,2024-01-17
"전북특별자치도",전주시 덕진구,시도,27,팔달로,3,,전북특별자치도 전주시 덕진구 진북동 393-2,35.83207917,127.1379923,3,1,Y,83,2,3,3,녹색+황색+적색,50+3+50,2,3,1,Y,23:00,06:00,N,Y,N,,전북특별자치도 전주시청,063-281-5024,2024-01-17
"전북특별자치도",전주시 덕진구,시도,27,팔달로,3,,전북특별자치도 전주시 덕진구 진북동 365-8,35.830855,127.1390974,3,1,Y,83.A,2,3,3,녹색+황색+적색,50+3+50,2,3,1,Y,22:00,06:00,N,Y,Y,,전북특별자치도 전주시청,063-281-5024,2024-01-17
"전북특별자치도",전주시 덕진구,시도,,안덕원로,3,,전북특별자치도 전주시 덕진구 인후동2가 227-1,35.835353,127.1489002,3,2,Y,87,2,4,4,녹색+황색+녹색화살표+적색,50+3+50+50,2,3,1,Y,22:00,06:00,N,Y,N,,전북특별자치도 전주시청,063-281-5024,2024-01-17
"전북특별자치도",전주시 덕진구,시도,,안덕원로,3,,전북특별자치도 전주시 덕진구 인후동1가 660-1,35.83574496,127.1499157,3,2,Y,87.A,2,4,4,녹색+황색+녹색화살표+적색,50+3+50+50,2,3,1,Y,23:00,06:00,N,Y,N,,전북특별자치도 전주시청,063-281-5024,2024-01-17
"전북특별자치도",전주시 덕진구,시도,,안덕원로,3,,전북특별자치도 전주시 덕진구 금암동 332-1,35.83243265,127.144475,3,2,Y,90,2,4,4,녹색+황색+녹색화살표+적색,50+3+50+50,2,3,1,Y,00:00,06:00,N,Y,N,,전북특별자치도 전주시청,063-281-5024,2024-01-17
"전북특별자치도",전주시 완산구,시도,27,기린대로,3,전북특별자치도 전주시 완산구 기린대로 212,전북특별자치도 전주시 완산구 서노송동 568-84,35.82605893,127.1470148,3,1,Y,92,2,3,3,녹색+황색+적색,50+3+50,2,3,1,Y,23:00,06:00,N,Y,Y,,전북특별자치도 전주시청,063-281-5024,2024-01-17
"전북특별자치도",전주시 완산구,시도,27,기린대로,3,전북특별자치도 전주시 완산구 기린대로 177,전북특별자치도 전주시 완산구 서노송동 568-133,35.82343131,127.1491363,3,2,Y,93,2,4,4,녹색+황색+녹색화살표+적색,50+3+50+50,2,3,1,Y,22:00,06:00,N,Y,Y,,전북특별자치도 전주시청,063-281-5024,2024-01-17
"전북특별자치도",전주시 완산구,시도,27,기린대로,3,,전북특별자치도 전주시 완산구 중노송동 498-4,35.82253643,127.1504323,3,2,Y,94,2,4,4,녹색+황색+녹색화살표+적색,50+3+50+50,2,3,1,Y,23:00,06:00,N,Y,N,,전북특별자치도 전주시청,063-281-5024,2024-01-17
"전북특별자치도",전주시 완산구,시도,27,기린대로,3,,전북특별자치도 전주시 완산구 경원동3가 94-1,35.820599,127.152954,3,2,Y,95,2,4,4,녹색+황색+녹색화살표+적색,50+3+50+50,2,3,1,Y,23:00,06:00,N,Y,N,,전북특별자치도 전주시청,063-281-5024,2024-01-17
"전북특별자치도",전주시 완산구,시도,27,기린대로,3,전북특별자치도 전주시 완산구 기린대로 102,전북특별자치도 전주시 완산구 남노송동 531-1,35.81856574,127.1549336,3,2,Y,97,2,4,4,녹색+황색+녹색화살표+적색,50+3+50+50,2,3,1,Y,23:00,06:00,N,Y,N,,전북특별자치도 전주시청,063-281-5024,2024-01-17
"전북특별자치도",전주시 완산구,시도,27,기린대로,3,,전북특별자치도 전주시 완산구 남노송동 771-5,35.817907,127.1546223,3,1,Y,97.A,2,3,3,녹색+황색+적색,50+3+50,2,3,1,Y,22:00,06:00,N,Y,N,,전북특별자치도 전주시청,063-281-5024,2024-01-17
"전북특별자치도",전주시 완산구,시도,27,기린대로,3,,전북특별자치도 전주시 완산구 풍남동3가 26-15,35.816618,127.1547806,3,2,Y,98,2,4,4,녹색+황색+녹색화살표+적색,50+3+50+50,2,3,1,Y,22:00,06:00,N,Y,N,,전북특별자치도 전주시청,063-281-5024,2024-01-17
"전북특별자치도",전주시 완산구,시도,,권삼득로,3,,전북특별자치도 전주시 완산구 중노송동 500-3,35.82308003,127.151056,3,2,Y,99,2,4,4,녹색+황색+녹색화살표+적색,50+3+50+50,2,3,1,Y,23:00,06:00,N,Y,N,,전북특별자치도 전주시청,063-281-5024,2024-01-17
"전북특별자치도",전주시 완산구,시도,,아중로,3,,전북특별자치도 전주시 완산구 중노송동 506-2,35.823023,127.1525849,3,2,Y,100,2,4,4,녹색+황색+녹색화살표+적색,50+3+50+50,2,3,1,Y,23:00,06:30,N,Y,N,,전북특별자치도 전주시청,063-281-5024,2024-01-17
"전북특별자치도",전주시 완산구,시도,27,기린대로,3,,전북특별자치도 전주시 완산구 교동 산4-3,35.813666,127.156589,3,1,Y,101,2,3,3,녹색+황색+적색,50+3+50,2,3,1,Y,20:00,07:00,N,Y,N,,전북특별자치도 전주시청,063-281-5024,2024-01-17
"전북특별자치도",전주시 완산구,시도,,춘향로,3,,전북특별자치도 전주시 완산구 동서학동 892-2,35.81069424,127.1613815,3,2,Y,102,2,4,4,녹색+황색+녹색화살표+적색,50+3+50+50,2,3,1,Y,22:00,06:00,N,Y,N,,전북특별자치도 전주시청,063-281-5024,2024-01-17
"전북특별자치도",전주시 완산구,시도,,춘향로,3,,전북특별자치도 전주시 완산구 동서학동 947-4,35.80905398,127.1624904,3,2,Y,103,2,4,4,녹색+황색+녹색화살표+적색,50+3+50+50,2,3,1,Y,23:00,06:30,N,Y,N,,전북특별자치도 전주시청,063-281-5024,2024-01-17
"전북특별자치도",전주시 덕진구,시도,27,기린대로,3,,전북특별자치도 전주시 덕진구 반월동 729-43,35.87389587,127.061766,3,2,Y,104,1,4,4,녹색+황색+녹색화살표+적색,50+3+50+50,2,3,1,Y,23:00,06:00,N,N,N,,전북특별자치도 전주시청,063-281-5024,2024-01-17
"전북특별자치도",전주시 덕진구,시도,,온고을로,3,,전북특별자치도 전주시 덕진구 여의동 1261-1,35.85671883,127.0670897,3,2,Y,109,2,4,4,녹색+황색+녹색화살표+적색,50+3+50+50,2,3,1,N,00:00,00:00,N,Y,N,,전북특별자치도 전주시청,063-281-5024,2024-01-17
"전북특별자치도",전주시 덕진구,시도,,온고을로,3,,전북특별자치도 전주시 덕진구 여의동 852,35.852503,127.0766303,3,2,Y,110,2,4,4,녹색+황색+녹색화살표+적색,50+3+50+50,2,3,1,N,00:00,00:00,N,Y,Y,,전북특별자치도 전주시청,063-281-5024,2024-01-17
"전북특별자치도",전주시 덕진구,시도,,온고을로,3,,전북특별자치도 전주시 덕진구 팔복동3가 361-18,35.846171,127.0895974,3,2,Y,112,2,4,4,녹색+황색+녹색화살표+적색,50+3+50+50,2,3,1,N,00:00,00:00,N,Y,N,,전북특별자치도 전주시청,063-281-5024,2024-01-17
"전북특별자치도",전주시 덕진구,시도,,온고을로,3,,전북특별자치도 전주시 덕진구 팔복동3가 348-1,35.84352775,127.093963,3,2,Y,113,2,4,4,녹색+황색+녹색화살표+적색,50+3+50+50,2,3,1,N,00:00,00:00,Y,Y,N,,전북특별자치도 전주시청,063-281-5024,2024-01-17
"전북특별자치도",전주시 덕진구,시도,,온고을로,3,,전북특별자치도 전주시 덕진구 팔복동3가 98-6,35.84215471,127.0959878,3,1,Y,114,2,3,3,녹색+황색+적색,50+3+50,2,3,1,N,00:00,00:00,N,Y,N,,전북특별자치도 전주시청,063-281-5024,2024-01-17
"전북특별자치도",전주시 완산구,시도,,천참로,3,,전북특별자치도 전주시 완산구 효자동3가 865-3,35.83827694,127.1000278,3,2,Y,116,2,4,4,녹색+황색+녹색화살표+적색,50+3+50+50,2,3,1,N,00:00,00:00,N,Y,N,,전북특별자치도 전주시청,063-281-5024,2024-01-17
"전북특별자치도",전주시 완산구,시도,,온고을로,3,,전북특별자치도 전주시 완산구 서신동 660-5,35.83529464,127.107074,3,2,Y,118,2,4,4,녹색+황색+녹색화살표+적색,50+3+50+50,2,3,1,N,00:00,00:00,N,Y,N,,전북특별자치도 전주시청,063-281-5024,2024-01-17
"전북특별자치도",전주시 완산구,시도,,온고을로,3,전북특별자치도 전주시 완산구 온고을로 120,전북특별자치도 전주시 완산구 서신동 958-1,35.83428631,127.1097491,3,2,Y,119,2,4,4,녹색+황색+녹색화살표+적색,50+3+50+50,2,3,1,N,00:00,00:00,N,Y,N,,전북특별자치도 전주시청,063-281-5024,2024-01-17
"전북특별자치도",전주시 완산구,시도,,온고을로,3,전북특별자치도 전주시 완산구 온고을로 100,전북특별자치도 전주시 완산구 서신동 959-3,35.83415269,127.1119519,3,2,Y,120,2,4,4,녹색+황색+녹색화살표+적색,50+3+50+50,2,3,1,N,00:00,00:00,N,Y,N,,전북특별자치도 전주시청,063-281-5024,2024-01-17
"전북특별자치도",전주시 완산구,시도,,온고을로,3,전북특별자치도 전주시 완산구 온고을로 66,전북특별자치도 전주시 완산구 서신동 962-3,35.8342176,127.1155508,3,2,Y,121,2,4,4,녹색+황색+녹색화살표+적색,50+3+50+50,2,3,1,N,00:00,00:00,N,Y,Y,,전북특별자치도 전주시청,063-281-5024,2024-01-17
"전북특별자치도",전주시 완산구,시도,,서신로,3,전북특별자치도 전주시 완산구 당산로 55,전북특별자치도 전주시 완산구 서신동 764-1,35.83252847,127.1144094,3,2,Y,122,1,4,4,녹색+황색+녹색화살표+적색,50+3+50+50,2,3,1,N,00:00,00:00,N,N,N,,전북특별자치도 전주시청,063-281-5024,2024-01-17
"전북특별자치도",전주시 완산구,시도,,천참로,3,,전북특별자치도 전주시 완산구 효자동3가 702-2,35.83143595,127.0948999,3,1,Y,126,2,3,3,녹색+황색+적색,50+3+50,2,3,3,Y,23:00,06:20,Y,Y,N,,전북특별자치도 전주시청,063-281-5024,2024-01-17
"전북특별자치도",전주시 덕진구,시도,,가련산로,3,,전북특별자치도 전주시 덕진구 덕진동2가 650-1,35.84018124,127.1095446,3,2,Y,129,2,4,4,녹색+황색+녹색화살표+적색,50+3+50+50,2,3,1,Y,00:00,06:30,N,Y,N,,전북특별자치도 전주시청,063-281-5024,2024-01-17
"전북특별자치도",전주시 완산구,시도,,홍산로,3,,전북특별자치도 전주시 완산구 서신동 738-199,35.83962437,127.1086058,3,2,Y,130,2,4,4,녹색+황색+녹색화살표+적색,50+3+50+50,2,3,1,Y,00:00,06:30,N,Y,N,,전북특별자치도 전주시청,063-281-5024,2024-01-17
"전북특별자치도",전주시 완산구,시도,,온고을로,3,,전북특별자치도 전주시 완산구 서신동 587,35.8386147,127.1074287,3,1,Y,131,2,3,3,녹색+황색+적색,50+3+50,2,3,1,N,00:00,00:00,N,Y,N,,전북특별자치도 전주시청,063-281-5024,2024-01-17
"전북특별자치도",전주시 덕진구,시도,,송천중앙로,3,,전북특별자치도 전주시 덕진구 송천동2가 468-4,35.86781063,127.1216539,3,2,Y,132,2,4,4,녹색+황색+녹색화살표+적색,50+3+50+50,2,3,1,Y,23:00,06:20,N,Y,N,,전북특별자치도 전주시청,063-281-5024,2024-01-17
"전북특별자치도",전주시 덕진구,시도,,송천중앙로,3,전북특별자치도 전주시 덕진구 송천중앙로 206,전북특별자치도 전주시 덕진구 송천동2가 527-2,35.86541573,127.1218587,3,2,Y,133,2,4,4,녹색+황색+녹색화살표+적색,50+3+50+50,2,3,1,Y,22:00,06:00,N,Y,Y,,전북특별자치도 전주시청,063-281-5024,2024-01-17
"전북특별자치도",전주시 덕진구,시도,,송천중앙로,3,,전북특별자치도 전주시 덕진구 송천동2가 산51-1,35.8640077,127.1216704,3,2,Y,134,2,4,4,녹색+황색+녹색화살표+적색,50+3+50+50,2,3,1,Y,22:00,06:30,N,Y,N,,전북특별자치도 전주시청,063-281-5024,2024-01-17
"전북특별자치도",전주시 덕진구,시도,,송천중앙로,3,,전북특별자치도 전주시 덕진구 송천동1가 478-29,35.85992364,127.1214729,3,2,Y,135,2,4,4,녹색+황색+녹색화살표+적색,50+3+50+50,2,3,1,N,00:00,00:00,N,Y,Y,,전북특별자치도 전주시청,063-281-5024,2024-01-17
"전북특별자치도",전주시 덕진구,시도,,송천중앙로,3,,전북특별자치도 전주시 덕진구 송천동1가 113-10,35.86104054,127.1213536,3,2,Y,135.A,2,4,4,녹색+황색+녹색화살표+적색,50+3+50+50,2,3,1,Y,20:00,07:00,N,Y,N,,전북특별자치도 전주시청,063-281-5024,2024-01-17
"전북특별자치도",전주시 덕진구,시도,,송천중앙로,3,,전북특별자치도 전주시 덕진구 송천동1가 474-71,35.857957,127.1206613,3,2,Y,136,2,4,4,녹색+황색+녹색화살표+적색,50+3+50+50,2,3,1,Y,22:00,06:00,N,Y,N,,전북특별자치도 전주시청,063-281-5024,2024-01-17
"전북특별자치도",전주시 덕진구,시도,,송천중앙로,3,,전북특별자치도 전주시 덕진구 송천동1가 388-6,35.85627171,127.1202744,3,2,Y,137,2,4,4,녹색+황색+녹색화살표+적색,50+3+50+50,2,3,1,N,00:00,00:00,N,Y,N,,전북특별자치도 전주시청,063-281-5024,2024-01-17
"전북특별자치도",전주시 덕진구,시도,,송천중앙로,3,,전북특별자치도 전주시 덕진구 덕진동2가 2-10,35.85140769,127.1199586,3,2,Y,139,2,4,4,녹색+황색+녹색화살표+적색,50+3+50+50,2,3,1,Y,00:00,06:20,N,Y,N,,전북특별자치도 전주시청,063-281-5024,2024-01-17
"전북특별자치도",전주시 덕진구,시도,26,동부대로,3,,전북특별자치도 전주시 덕진구 송천동2가 447-2,35.869729,127.121356,3,2,Y,143,2,4,4,녹색+황색+녹색화살표+적색,50+3+50+50,2,3,1,Y,22:00,00:00,N,Y,N,,전북특별자치도 전주시청,063-281-5024,2024-01-17
"전북특별자치도",전주시 덕진구,시도,26,동부대로,3,,전북특별자치도 전주시 덕진구 송천동2가 299-5,35.86990986,127.1276817,3,2,Y,145,2,4,4,녹색+황색+녹색화살표+적색,50+3+50+50,2,3,1,Y,22:00,06:00,N,Y,N,,전북특별자치도 전주시청,063-281-5024,2024-01-17
"전북특별자치도",전주시 완산구,시도,,전주천서로,3,,전북특별자치도 전주시 완산구 동서학동 887-1,35.810693,127.158416,3,1,Y,146,2,3,3,녹색+황색+적색,50+3+50,2,3,1,Y,22:00,06:30,N,Y,N,,전북특별자치도 전주시청,063-281-5024,2024-01-17
"전북특별자치도",전주시 덕진구,시도,26,동부대로,3,,전북특별자치도 전주시 덕진구 호성동2가 655-3,35.868926,127.142347,3,2,Y,147,2,4,4,녹색+황색+녹색화살표+적색,50+3+50+50,2,3,1,Y,09:00,00:00,N,Y,N,,전북특별자치도 전주시청,063-281-5024,2024-01-17
"전북특별자치도",전주시 덕진구,시도,26,동부대로,3,,전북특별자치도 전주시 덕진구 호성동2가 40-2,35.874151,127.151488,3,2,Y,148,2,4,4,녹색+황색+녹색화살표+적색,50+3+50+50,2,3,1,N,00:00,00:00,N,Y,N,,전북특별자치도 전주시청,063-281-5024,2024-01-17
"전북특별자치도",전주시 완산구,시도,26,동부대로,3,,전북특별자치도 전주시 완산구 남노송동 76-6,35.81819421,127.159585,3,2,Y,149,2,4,4,녹색+황색+녹색화살표+적색,50+3+50+50,2,3,1,Y,00:00,06:00,N,Y,N,,전북특별자치도 전주시청,063-281-5024,2024-01-17
"전북특별자치도",전주시 덕진구,시도,17,동부대로,3,,전북특별자치도 전주시 덕진구 호성동1가 839-1,35.864452,127.149385,3,2,Y,151,2,4,4,녹색+황색+녹색화살표+적색,50+3+50+50,2,3,1,N,00:00,00:00,N,Y,N,,전북특별자치도 전주시청,063-281-5024,2024-01-17
"전북특별자치도",전주시 덕진구,시도,17,동부대로,3,,전북특별자치도 전주시 덕진구 호성동1가 산26-6,35.86185605,127.151928,3,2,Y,152,2,4,4,녹색+황색+녹색화살표+적색,50+3+50+50,2,3,1,Y,00:00,05:30,N,Y,N,,전북특별자치도 전주시청,063-281-5024,2024-01-17
"전북특별자치도",전주시 덕진구,시도,17,동부대로,3,,전북특별자치도 전주시 덕진구 호성동1가 756-20,35.857917,127.1559309,3,2,Y,155,2,4,4,녹색+황색+녹색화살표+적색,50+3+50+50,2,3,1,N,00:00,00:00,N,Y,N,,전북특별자치도 전주시청,063-281-5024,2024-01-17
"전북특별자치도",전주시 덕진구,시도,17,완주로,3,,전북특별자치도 전주시 덕진구 호성동2가 40-2,35.87415776,127.1514476,3,2,Y,158,2,4,4,녹색+황색+녹색화살표+적색,50+3+50+50,2,3,1,N,00:00,00:00,N,Y,N,,전북특별자치도 전주시청,063-281-5024,2024-01-17
"전북특별자치도",전주시 덕진구,시도,26,전진로,3,,전북특별자치도 전주시 덕진구 산정동 741-2,35.841178,127.1714479,3,2,Y,159,2,4,4,녹색+황색+녹색화살표+적색,50+3+50+50,2,3,1,Y,22:00,06:00,N,Y,N,,전북특별자치도 전주시청,063-281-5024,2024-01-17
"전북특별자치도",전주시 덕진구,시도,,안덕원로,3,,전북특별자치도 전주시 덕진구 산정동 720-1,35.83918414,127.1669716,3,2,Y,161,2,4,4,녹색+황색+녹색화살표+적색,50+3+50+50,2,3,1,Y,14:00,07:00,N,Y,Y,,전북특별자치도 전주시청,063-281-5024,2024-01-17
"전북특별자치도",전주시 덕진구,시도,,안덕원로,3,,전북특별자치도 전주시 덕진구 인후동1가 산7-5,35.83781922,127.1608893,3,2,Y,164,2,4,4,녹색+황색+녹색화살표+적색,50+3+50+50,2,3,1,Y,00:00,06:00,N,Y,N,,전북특별자치도 전주시청,063-281-5024,2024-01-17
"전북특별자치도",전주시 덕진구,시도,,안덕원로,3,전북특별자치도 전주시 덕진구 안덕원로 265,전북특별자치도 전주시 덕진구 인후동1가 768-17,35.83715257,127.1560479,3,2,Y,165,2,4,4,녹색+황색+녹색화살표+적색,50+3+50+50,2,3,1,Y,22:00,06:20,N,Y,Y,,전북특별자치도 전주시청,063-281-5024,2024-01-17
"전북특별자치도",전주시 덕진구,시도,,안덕원로,3,,전북특별자치도 전주시 덕진구 인후동1가 1030,35.83674763,127.154321,3,2,Y,166,2,4,4,녹색+황색+녹색화살표+적색,50+3+50+50,2,3,1,Y,00:00,06:00,N,Y,N,,전북특별자치도 전주시청,063-281-5024,2024-01-17
"전북특별자치도",전주시 덕진구,시도,,견휜로,3,전북특별자치도 전주시 덕진구 심방죽로 78,전북특별자치도 전주시 덕진구 인후동1가 1033,35.84264501,127.1523996,3,2,Y,167,2,4,4,녹색+황색+녹색화살표+적색,50+3+50+50,2,3,1,N,00:00,00:00,N,Y,N,,전북특별자치도 전주시청,063-281-5024,2024-01-17
"전북특별자치도",전주시 덕진구,시도,,견휜로,3,,전북특별자치도 전주시 덕진구 인후동1가 456-6,35.83539503,127.157181,3,2,Y,169,2,4,4,녹색+황색+녹색화살표+적색,50+3+50+50,2,3,1,N,00:00,00:00,N,Y,N,,전북특별자치도 전주시청,063-281-5024,2024-01-17
"전북특별자치도",전주시 덕진구,시도,,안덕원로,3,전북특별자치도 전주시 덕진구 안덕원로 35,전북특별자치도 전주시 덕진구 진북동 1023-12,35.82783502,127.1341655,3,2,Y,171,2,4,4,녹색+황색+녹색화살표+적색,50+3+50+50,2,3,1,N,00:00,00:00,N,Y,N,,전북특별자치도 전주시청,063-281-5024,2024-01-17
"전북특별자치도",전주시 덕진구,시도,,안덕원로,3,,전북특별자치도 전주시 덕진구 진북동 1129-23,35.827163,127.1302584,3,2,Y,172,2,4,4,녹색+황색+녹색화살표+적색,50+3+50+50,2,3,1,Y,00:00,06:30,N,Y,N,,전북특별자치도 전주시청,063-281-5024,2024-01-17
"전북특별자치도",전주시 덕진구,시도,,유연로,3,,전북특별자치도 전주시 덕진구 진북동 1091-18,35.82695245,127.1293648,3,2,Y,173,2,4,4,녹색+황색+녹색화살표+적색,50+3+50+50,2,3,1,N,00:00,00:00,N,Y,N,,전북특별자치도 전주시청,063-281-5024,2024-01-17
"전북특별자치도",전주시 덕진구,시도,,전주천동로,3,,전북특별자치도 전주시 덕진구 진북동 1154-15,35.82991523,127.1292618,3,2,Y,174,2,4,4,녹색+황색+녹색화살표+적색,50+3+50+50,2,3,1,N,00:00,00:00,N,Y,N,,전북특별자치도 전주시청,063-281-5024,2024-01-17
"전북특별자치도",전주시 완산구,시도,,전주천서로,3,,전북특별자치도 전주시 완산구 서신동 57-3,35.82936579,127.1278704,3,2,Y,175,2,4,4,녹색+황색+녹색화살표+적색,50+3+50+50,2,3,1,N,00:00,00:00,N,Y,N,,전북특별자치도 전주시청,063-281-5024,2024-01-17
"전북특별자치도",전주시 덕진구,시도,,전주천동로,3,,전북특별자치도 전주시 덕진구 진북동 1001-7,35.82489745,127.1319761,3,2,Y,176,2,4,4,녹색+황색+녹색화살표+적색,50+3+50+50,2,3,1,N,00:00,00:00,N,Y,N,,전북특별자치도 전주시청,063-281-5024,2024-01-17
"전북특별자치도",전주시 덕진구,시도,,전주천동로,3,전북특별자치도 전주시 덕진구 공북로 10,전북특별자치도 전주시 덕진구 진북동 1047-1,35.8250016,127.1330653,3,1,Y,176.A,1,3,3,녹색+황색+적색,50+3+50,2,3,1,N,00:00,00:00,N,N,N,,전북특별자치도 전주시청,063-281-5024,2024-01-17
"전북특별자치도",전주시 덕진구,시도,,전주천서로,3,,전북특별자치도 전주시 덕진구 진북동 992-128,35.82457283,127.1308100250,3,2,Y,177,1,4,4,녹색+황색+녹색화살표+적색,50+3+50+50,2,3,1,N,00:00,00:00,N,N,N,,전북특별자치도 전주시청,063-281-5024,2024-01-17
"전북특별자치도",전주시 덕진구,시도,,태진로,3,,전북특별자치도 전주시 덕진구 진북동 416-1,35.83038604,127.1358651,3,2,Y,178,2,4,4,녹색+황색+녹색화살표+적색,50+3+50+50,2,3,1,N,00:00,00:00,N,Y,Y,,전북특별자치도 전주시청,063-281-5024,2024-01-17
"전북특별자치도",전주시 덕진구,시도,,태진로,3,,전북특별자치도 전주시 덕진구 진북동 1121-1,35.82939109,127.1361857,3,2,Y,179,2,4,4,녹색+황색+녹색화살표+적색,50+3+50+50,2,3,1,Y,22:00,06:30,N,Y,N,,전북특별자치도 전주시청,063-281-5024,2024-01-17
"전북특별자치도",전주시 완산구,시도,,유연로,3,전북특별자치도 전주시 완산구 유연로 293,전북특별자치도 전주시 완산구 서신동 864,35.82558265,127.1176813,3,2,Y,181,1,4,4,녹색+황색+녹색화살표+적색,50+3+50+50,2,3,1,Y,20:00,06:30,N,N,N,,전북특별자치도 전주시청,063-281-5024,2024-01-17
"전북특별자치도",전주시 완산구,시도,,유연로,3,전북특별자치도 전주시 완산구 유연로 277,전북특별자치도 전주시 완산구 서신동 856-4,35.82556874,127.1160415,3,2,Y,182,2,4,4,녹색+황색+녹색화살표+적색,50+3+50+50,2,3,1,N,00:00,00:00,N,N,Y,,전북특별자치도 전주시청,063-281-5024,2024-01-17
"전북특별자치도",전주시 완산구,시도,716,강변로,3,,전북특별자치도 전주시 완산구 효자동3가 3-17,35.82552093,127.1114872,3,2,Y,184,2,4,4,녹색+황색+녹색화살표+적색,50+3+50+50,2,3,1,Y,22:00,06:20,N,Y,N,,전북특별자치도 전주시청,063-281-5024,2024-01-17
"전북특별자치도",전주시 완산구,시도,716,강변로,3,,전북특별자치도 전주시 완산구 중화산동2가 720-18,35.8241034,127.113866,3,2,Y,186,1,4,4,녹색+황색+녹색화살표+적색,50+3+50+50,2,3,1,N,00:00,00:00,N,N,N,,전북특별자치도 전주시청,063-281-5024,2024-01-17
"전북특별자치도",전주시 완산구,시도,716,강변로,3,전북특별자치도 전주시 완산구 서신천변5길 18,전북특별자치도 전주시 완산구 서신동 821-19,35.82839907,127.1124263,3,2,Y,187,1,4,4,녹색+황색+녹색화살표+적색,50+3+50+50,2,3,1,N,00:00,00:00,N,N,N,,전북특별자치도 전주시청,063-281-5024,2024-01-17
"전북특별자치도",전주시 완산구,시도,716,강변로,3,,전북특별자치도 전주시 완산구 서신동 417-3,35.827198,127.1126123,3,2,Y,187.A,1,4,4,녹색+황색+녹색화살표+적색,50+3+50+50,2,3,1,N,00:00,00:00,N,N,N,,전북특별자치도 전주시청,063-281-5024,2024-01-17
"전북특별자치도",전주시 완산구,시도,,서신로,3,전북특별자치도 전주시 완산구 서신로 10,전북특별자치도 전주시 완산구 서신동 856,35.82619324,127.1160251,3,2,Y,188,1,4,4,녹색+황색+녹색화살표+적색,50+3+50+50,2,3,1,N,00:00,00:00,N,N,N,,전북특별자치도 전주시청,063-281-5024,2024-01-17
"전북특별자치도",전주시 완산구,시도,27,팔달로,3,,전북특별자치도 전주시 완산구 서서학동 126,35.805323,127.149531,3,1,Y,196.A,2,3,3,녹색+황색+적색,50+3+50,2,3,1,N,00:00,00:00,N,Y,N,,전북특별자치도 전주시청,063-281-5024,2024-01-17
"전북특별자치도",전주시 완산구,시도,27,팔달로,3,,전북특별자치도 전주시 완산구 서서학동 288-3,35.80389611,127.1486589,3,2,Y,197,2,4,4,녹색+황색+녹색화살표+적색,50+3+50+50,2,3,1,Y,22:00,06:00,N,Y,N,,전북특별자치도 전주시청,063-281-5024,2024-01-17
"전북특별자치도",전주시 완산구,시도,27,장승배기로,3,,전북특별자치도 전주시 완산구 서서학동 361-26,35.802126,127.1472501,3,2,Y,199,2,4,4,녹색+황색+녹색화살표+적색,50+3+50+50,2,3,1,Y,22:00,06:00,N,Y,Y,,전북특별자치도 전주시청,063-281-5024,2024-01-17
"전북특별자치도",전주시 완산구,시도,27,장승배기로,3,,전북특별자치도 전주시 완산구 평화동1가 438-8,35.79840473,127.140312,3,2,Y,201,2,4,4,녹색+황색+녹색화살표+적색,50+3+50+50,2,3,1,N,00:00,00:00,N,Y,Y,,전북특별자치도 전주시청,063-281-5024,2024-01-17
"전북특별자치도",전주시 완산구,시도,,장승배기로,3,전북특별자치도 전주시 완산구 장승배기로 148,전북특별자치도 전주시 완산구 평화동2가 842-5,35.79446897,127.1291412,3,2,Y,204,2,4,4,녹색+황색+녹색화살표+적색,50+3+50+50,2,3,1,N,00:00,00:00,N,Y,Y,,전북특별자치도 전주시청,063-281-5024,2024-01-17
"전북특별자치도",전주시 완산구,시도,,장승배기로,3,전북특별자치도 전주시 완산구 장승배기로 140,전북특별자치도 전주시 완산구 평화동2가 842-1,35.79431443,127.1282778,3,2,Y,204.A,1,4,4,녹색+황색+녹색화살표+적색,50+3+50+50,2,3,1,N,00:00,00:00,N,N,N,,전북특별자치도 전주시청,063-281-5024,2024-01-17
"전북특별자치도",전주시 완산구,시도,,장승배기로,3,,전북특별자치도 전주시 완산구 삼천동1가 704-4,35.79439997,127.1261369,3,2,Y,205,2,4,4,녹색+황색+녹색화살표+적색,50+3+50+50,2,3,1,Y,00:00,06:00,N,Y,Y,,전북특별자치도 전주시청,063-281-5024,2024-01-17
"전북특별자치도",전주시 완산구,시도,,장승배기로,3,전북특별자치도 전주시 완산구 장승배기로 89,전북특별자치도 전주시 완산구 삼천동1가 701-2,35.79362599,127.1227135,3,2,Y,206,2,4,4,녹색+황색+녹색화살표+적색,50+3+50+50,2,3,1,Y,00:00,06:00,N,Y,Y,,전북특별자치도 전주시청,063-281-5024,2024-01-17
"전북특별자치도",전주시 완산구,시도,,장승배기로,3,전북특별자치도 전주시 완산구 장승배기로 62,전북특별자치도 전주시 완산구 삼천동1가 270-3,35.79238619,127.119748,3,2,Y,207,2,4,4,녹색+황색+녹색화살표+적색,50+3+50+50,2,3,1,Y,00:00,06:00,N,Y,Y,,전북특별자치도 전주시청,063-281-5024,2024-01-17
"전북특별자치도",전주시 완산구,시도,,장승배기로,3,,전북특별자치도 전주시 완산구 삼천동1가 303-21,35.792451,127.1165852,3,2,Y,208,2,4,4,녹색+황색+녹색화살표+적색,50+3+50+50,2,3,1,N,00:00,00:00,N,Y,Y,,전북특별자치도 전주시청,063-281-5024,2024-01-17
"전북특별자치도",전주시 완산구,시도,27,팔달로,3,,전북특별자치도 전주시 완산구 서노송동 614-19,35.823064,127.145214,3,2,Y,211,2,4,4,녹색+황색+녹색화살표+적색,50+3+50+50,2,3,1,N,00:00,00:00,N,Y,N,,전북특별자치도 전주시청,063-281-5024,2024-01-17
"전북특별자치도",전주시 완산구,시도,27,팔달로,3,전북특별자치도 전주시 완산구 팔달로 225,전북특별자치도 전주시 완산구 고사동 2-6,35.82224441,127.1452596,3,2,Y,212,2,4,4,녹색+황색+녹색화살표+적색,50+3+50+50,2,3,1,N,00:00,00:00,N,Y,N,,전북특별자치도 전주시청,063-281-5024,2024-01-17
"전북특별자치도",전주시 완산구,시도,27,팔달로,3,,전북특별자치도 전주시 완산구 고사동10-1,35.821538,127.1456989,3,1,Y,212.A,2,3,3,녹색+황색+적색,50+3+50,2,3,1,N,00:00,00:00,N,Y,N,,전북특별자치도 전주시청,063-281-5024,2024-01-17
"전북특별자치도",전주시 완산구,시도,27,팔달로,3,,전북특별자치도 전주시 완산구 경원동3가 39-3,35.82028689,127.1463208,3,1,Y,213,2,3,3,녹색+황색+적색,50+3+50,2,3,1,Y,20:00,07:00,N,Y,N,,전북특별자치도 전주시청,063-281-5024,2024-01-17
"전북특별자치도",전주시 완산구,시도,27,팔달로,3,,전북특별자치도 전주시 완산구 경원동3가 57-2,35.81958204,127.1465576,3,1,Y,213.A,2,3,3,녹색+황색+적색,50+3+50,2,3,1,N,00:00,00:00,N,Y,N,,전북특별자치도 전주시청,063-281-5024,2024-01-17
"전북특별자치도",전주시 완산구,시도,27,팔달로,3,,전북특별자치도 전주시 완산구 경원동1가 107,35.817574,127.147252,3,2,Y,214.A,2,4,4,녹색+황색+녹색화살표+적색,50+3+50+50,2,3,1,N,00:00,00:00,N,Y,N,,전북특별자치도 전주시청,063-281-5024,2024-01-17
"전북특별자치도",전주시 완산구,시도,27,팔달로,3,,전북특별자치도 전주시 완산구 전동 131-1,35.81593329,127.1474873,3,2,Y,215,2,4,4,녹색+황색+녹색화살표+적색,50+3+50+50,2,3,1,Y,00:00,06:30,N,Y,Y,,전북특별자치도 전주시청,063-281-5024,2024-01-17
"전북특별자치도",전주시 완산구,시도,27,팔달로,3,전북특별자치도 전주시 완산구 팔달로 146,전북특별자치도 전주시 완산구 전동 45-1,35.81541023,127.1482256,3,2,Y,216,2,4,4,녹색+황색+녹색화살표+적색,50+3+50+50,2,3,1,Y,23:00,06:30,N,Y,N,,전북특별자치도 전주시청,063-281-5024,2024-01-17
"전북특별자치도",전주시 완산구,시도,27,팔달로,3,,전북특별자치도 전주시 완산구 전동 256-3,35.811769,127.1494933,3,2,Y,217,2,4,4,녹색+황색+녹색화살표+적색,50+3+50+50,2,3,1,N,00:00,00:00,N,Y,Y,,전북특별자치도 전주시청,063-281-5024,2024-01-17
"전북특별자치도",전주시 완산구,시도,27,팔달로,3,,전북특별자치도 전주시 완산구 서서학동 210-2,35.81020876,127.149765,3,2,Y,218,2,4,4,녹색+황색+녹색화살표+적색,50+3+50+50,2,3,1,N,00:00,00:00,N,Y,Y,,전북특별자치도 전주시청,063-281-5024,2024-01-17
"전북특별자치도",전주시 완산구,시도,27,팔달로,3,,전북특별자치도 전주시 완산구 동서학동 20,35.810213,127.153262,3,2,Y,219,2,4,4,녹색+황색+녹색화살표+적색,50+3+50+50,2,3,1,Y,22:00,06:00,N,Y,N,,전북특별자치도 전주시청,063-281-5024,2024-01-17
"전북특별자치도",전주시 완산구,시도,27,팔달로,3,,전북특별자치도 전주시 완산구 전동 200-9,35.81383112,127.1493526,3,2,Y,220,2,4,4,녹색+황색+녹색화살표+적색,50+3+50+50,2,3,1,Y,00:00,06:30,N,Y,Y,,전북특별자치도 전주시청,063-281-5024,2024-01-17
"전북특별자치도",전주시 완산구,시도,,충경로,3,,전북특별자치도 전주시 완산구 중앙동2가 37-2,35.817336,127.142853,3,2,Y,221,2,4,4,녹색+황색+녹색화살표+적색,50+3+50+50,2,3,1,N,00:00,00:00,N,Y,N,,전북특별자치도 전주시청,063-281-5024,2024-01-17
"전북특별자치도",전주시 완산구,시도,,충경로,3,,전북특별자치도 전주시 완산구 다가동3가 70-4,35.816394,127.139624,3,2,Y,222,2,4,4,녹색+황색+녹색화살표+적색,50+3+50+50,2,3,1,Y,23:00,06:30,N,Y,N,,전북특별자치도 전주시청,063-281-5024,2024-01-17
"전북특별자치도",전주시 완산구,시도,,서원로,3,,전북특별자치도 전주시 완산구 중화산동1가 302-6,35.813659,127.1334347,3,1,Y,224,2,3,3,녹색+황색+적색,50+3+50,2,3,1,Y,00:00,07:00,N,Y,N,,전북특별자치도 전주시청,063-281-5024,2024-01-17
"전북특별자치도",전주시 완산구,시도,,서원로,3,,전북특별자치도 전주시 완산구 중화산동1가 206-1,35.81709728,127.1382911,3,2,Y,225,2,4,4,녹색+황색+녹색화살표+적색,50+3+50+50,2,3,1,N,00:00,00:00,N,Y,N,,전북특별자치도 전주시청,063-281-5024,2024-01-17
"전북특별자치도",전주시 완산구,시도,,서원로,3,,전북특별자치도 전주시 완산구 중화산동2가 103-2,35.81173798,127.1277349,3,2,Y,226,2,4,4,녹색+황색+녹색화살표+적색,50+3+50+50,2,3,1,Y,00:00,06:00,N,Y,N,,전북특별자치도 전주시청,063-281-5024,2024-01-17
"전북특별자치도",전주시 완산구,시도,,용머리로,3,,전북특별자치도 전주시 완산구 서완산동1가 514-1,35.812783,127.139414,3,2,Y,228,2,4,4,녹색+황색+녹색화살표+적색,50+3+50+50,2,3,1,Y,23:00,06:00,N,Y,N,,전북특별자치도 전주시청,063-281-5024,2024-01-17
"전북특별자치도",전주시 완산구,시도,,용머리로,3,,전북특별자치도 전주시 완산구 서완산동1가 205,35.80788868,127.1332576,3,2,Y,231,2,4,4,녹색+황색+녹색화살표+적색,50+3+50+50,2,3,1,Y,00:00,06:00,N,Y,N,,전북특별자치도 전주시청,063-281-5024,2024-01-17
"전북특별자치도",전주시 완산구,시도,,용머리로,3,,전북특별자치도 전주시 완산구 효자동1가 518-19,35.80737586,127.131275,3,2,Y,232,2,4,4,녹색+황색+녹색화살표+적색,50+3+50+50,2,3,1,N,00:00,00:00,N,Y,N,,전북특별자치도 전주시청,063-281-5024,2024-01-17
"전북특별자치도",전주시 완산구,시도,,안행로,3,,전북특별자치도 전주시 완산구 효자동1가 60-7,35.8066505,127.1341101,3,2,Y,236,2,4,4,녹색+황색+녹색화살표+적색,50+3+50+50,2,3,1,N,00:00,00:00,N,Y,N,,전북특별자치도 전주시청,063-281-5024,2024-01-17
"전북특별자치도",전주시 완산구,시도,,용머리로,3,,전북특별자치도 전주시 완산구 효자동1가 410-45,35.805048,127.1104977,3,2,Y,240,2,4,4,녹색+황색+녹색화살표+적색,50+3+50+50,2,3,1,N,00:00,00:00,N,Y,N,,전북특별자치도 전주시청,063-281-5024,2024-01-17
"전북특별자치도",전주시 덕진구,시도,27,기린대로,3,,전북특별자치도 전주시 덕진구 진북동 320-5,35.83225089,127.139197,3,1,Y,242,2,3,3,녹색+황색+적색,50+3+50,2,3,1,Y,00:00,06:30,N,Y,N,,전북특별자치도 전주시청,063-281-5024,2024-01-17
"전북특별자치도",전주시 덕진구,시도,,태진로,3,,전북특별자치도 전주시 덕진구 진북동 416-9,35.831834,127.1351128,3,2,Y,243,2,4,4,녹색+황색+녹색화살표+적색,50+3+50+50,2,3,1,Y,00:00,06:30,N,Y,N,,전북특별자치도 전주시청,063-281-5024,2024-01-17
"전북특별자치도",전주시 완산구,시도,,거마평로,3,,전북특별자치도 전주시 완산구 효자동1가 450-2,35.8044519,127.1167242,3,1,Y,244,2,3,3,녹색+황색+적색,50+3+50,2,3,1,Y,20:00,06:00,N,Y,N,,전북특별자치도 전주시청,063-281-5024,2024-01-17
"전북특별자치도",전주시 완산구,시도,716,강변로,3,,전북특별자치도 전주시 완산구 효자동1가 535-85,35.80677265,127.1101481,3,2,Y,246,1,4,4,녹색+황색+녹색화살표+적색,50+3+50+50,2,3,1,N,00:00,00:00,N,N,N,,전북특별자치도 전주시청,063-281-5024,2024-01-17
"전북특별자치도",전주시 완산구,시도,716,강변로,3,,전북특별자치도 전주시 완산구 삼천동1가 542-13,35.79357776,127.112298,3,2,Y,249,2,4,4,녹색+황색+녹색화살표+적색,50+3+50+50,2,3,1,Y,00:00,06:30,N,Y,Y,,전북특별자치도 전주시청,063-281-5024,2024-01-17
"전북특별자치도",전주시 완산구,시도,,장승배기로,3,,전북특별자치도 전주시 완산구 삼천동1가 302-8,35.79243108,127.1133401,3,2,Y,251,2,4,4,녹색+황색+녹색화살표+적색,50+3+50+50,2,3,1,Y,00:00,06:30,N,Y,N,,전북특별자치도 전주시청,063-281-5024,2024-01-17
"전북특별자치도",전주시 완산구,시도,,장승배기로,3,,전북특별자치도 전주시 완산구 삼천동1가 303-13,35.79252581,127.114785,3,2,Y,252,2,4,4,녹색+황색+녹색화살표+적색,50+3+50+50,2,3,1,Y,22:00,06:00,N,Y,N,,전북특별자치도 전주시청,063-281-5024,2024-01-17
"전북특별자치도",전주시 완산구,시도,,거마평로,3,,전북특별자치도 전주시 완산구 효자동1가 542,35.800388,127.1165399,3,2,Y,254,1,4,4,녹색+황색+녹색화살표+적색,50+3+50+50,2,3,1,N,00:00,00:00,N,N,N,,전북특별자치도 전주시청,063-281-5024,2024-01-17
"전북특별자치도",전주시 완산구,시도,,거마평로,3,전북특별자치도 전주시 완산구 거마평로 47,전북특별자치도 전주시 완산구 삼천동1가 287-15,35.79688521,127.1166736,3,1,Y,256,1,3,3,녹색+황색+적색,50+3+50,2,3,1,Y,20:00,07:00,N,N,N,,전북특별자치도 전주시청,063-281-5024,2024-01-17
"전북특별자치도",전주시 완산구,시도,,거마평로,3,,전북특별자치도 전주시 완산구 삼천동1가 546-20,35.795107,127.116872,3,2,Y,257,1,4,4,녹색+황색+녹색화살표+적색,50+3+50+50,2,3,1,N,00:00,00:00,N,N,N,,전북특별자치도 전주시청,063-281-5024,2024-01-17
"전북특별자치도",전주시 완산구,시도,,거마평로,3,전북특별자치도 전주시 완산구 성지산로 1,전북특별자치도 전주시 완산구 삼천동1가 601-13,35.79882124,127.1196738,3,2,Y,258,1,4,4,녹색+황색+녹색화살표+적색,50+3+50+50,2,3,1,N,00:00,00:00,N,N,N,,전북특별자치도 전주시청,063-281-5024,2024-01-17
"전북특별자치도",전주시 완산구,시도,,용리로,3,전북특별자치도 전주시 완산구 용리로 39,전북특별자치도 전주시 완산구 효자동1가 669-1,35.79886559,127.1141952,3,2,Y,259,1,4,4,녹색+황색+녹색화살표+적색,50+3+50+50,2,3,1,N,00:00,00:00,N,N,N,,전북특별자치도 전주시청,063-281-5024,2024-01-17
"전북특별자치도",전주시 완산구,시도,,쑥고개로,3,전북특별자치도 전주시 완산구 쑥고개로 271,전북특별자치도 전주시 완산구 효자동2가 756-1,35.80121984,127.094763,3,2,Y,261,1,4,4,녹색+황색+녹색화살표+적색,50+3+50+50,2,3,1,Y,10:00,00:00,N,N,N,,전북특별자치도 전주시청,063-281-5024,2024-01-17
"전북특별자치도",전주시 완산구,시도,,쑥고개로,3,,전북특별자치도 전주시 완산구 효자동2가 888-6,35.800006,127.093011,3,2,Y,262,2,4,4,녹색+황색+녹색화살표+적색,50+3+50+50,2,3,1,N,00:00,00:00,N,Y,N,,전북특별자치도 전주시청,063-281-5024,2024-01-17
"전북특별자치도",전주시 완산구,시도,,쑥고개로,3,전북특별자치도 전주시 완산구 중앙반길 5,전북특별자치도 전주시 완산구 삼천동3가 283-1,35.79637967,127.0873833,3,2,Y,264,2,4,4,녹색+황색+녹색화살표+적색,50+3+50+50,2,3,1,Y,00:00,06:30,N,Y,N,,전북특별자치도 전주시청,063-281-5024,2024-01-17
"전북특별자치도",전주시 완산구,시도,1,쑥고개로,3,,전북특별자치도 전주시 완산구 용복동 245,35.79073276,127.0660577,3,2,Y,268,2,4,4,녹색+황색+녹색화살표+적색,50+3+50+50,2,3,1,N,00:00,00:00,N,Y,N,,전북특별자치도 전주시청,063-281-5024,2024-01-17
"전북특별자치도",전주시 완산구,시도,,홍산로,3,,전북특별자치도 전주시 완산구 서신동 1035,35.832303,127.1067744,3,2,Y,269,1,4,4,녹색+황색+녹색화살표+적색,50+3+50+50,2,3,1,Y,00:00,06:30,N,N,N,,전북특별자치도 전주시청,063-281-5024,2024-01-17
"전북특별자치도",전주시 완산구,시도,716,강변로,3,,전북특별자치도 전주시 완산구 서신동 701-1,35.83124726,127.1088564,3,2,Y,270,2,4,4,녹색+황색+녹색화살표+적색,50+3+50+50,2,3,1,N,00:00,00:00,N,Y,N,,전북특별자치도 전주시청,063-281-5024,2024-01-17
"전북특별자치도",전주시 완산구,시도,716,강변로,3,,전북특별자치도 전주시 완산구 중화산동2가 485-98,35.817533,127.1134965,3,2,Y,272,1,4,4,녹색+황색+녹색화살표+적색,50+3+50+50,2,3,1,N,00:00,00:00,N,N,N,,전북특별자치도 전주시청,063-281-5024,2024-01-17
"전북특별자치도",전주시 완산구,시도,716,강변로,3,,전북특별자치도 전주시 완산구 효자동3가 8-7,35.82007282,127.1135754,3,2,Y,273,1,4,4,녹색+황색+녹색화살표+적색,50+3+50+50,2,3,1,N,00:00,00:00,N,N,N,,전북특별자치도 전주시청,063-281-5024,2024-01-17
"전북특별자치도",전주시 완산구,시도,716,강변로,3,,전북특별자치도 전주시 완산구 효자동2가 1117-14,35.81233197,127.112338,3,2,Y,274,1,4,4,녹색+황색+녹색화살표+적색,50+3+50+50,2,3,1,Y,22:00,07:00,N,N,N,,전북특별자치도 전주시청,063-281-5024,2024-01-17
"전북특별자치도",전주시 완산구,시도,716,강변로,3,,전북특별자치도 전주시 완산구 효자동1가 728,35.809042,127.111465,3,2,Y,276,1,4,4,녹색+황색+녹색화살표+적색,50+3+50+50,2,3,1,N,00:00,00:00,N,N,N,,전북특별자치도 전주시청,063-281-5024,2024-01-17
"전북특별자치도",전주시 완산구,시도,,효자로,3,,전북특별자치도 전주시 완산구 중화산동2가 758-7,35.81955429,127.1168604,3,2,Y,278,1,4,4,녹색+황색+녹색화살표+적색,50+3+50+50,2,3,1,Y,23:00,06:00,N,N,N,,전북특별자치도 전주시청,063-281-5024,2024-01-17
"전북특별자치도",전주시 완산구,시도,,효자로,3,,전북특별자치도 전주시 완산구 중화산동2가 797,35.81878277,127.1180787,3,2,Y,279,2,4,4,녹색+황색+녹색화살표+적색,50+3+50+50,2,3,1,Y,23:00,06:30,N,Y,N,,전북특별자치도 전주시청,063-281-5024,2024-01-17
"전북특별자치도",전주시 완산구,시도,,중화산로,3,전북특별자치도 전주시 완산구 산월2길 43,전북특별자치도 전주시 완산구 중화산동2가 637,35.81391702,127.1184006,3,2,Y,280,2,4,4,녹색+황색+녹색화살표+적색,50+3+50+50,2,3,1,Y,23:00,06:30,N,Y,N,,전북특별자치도 전주시청,063-281-5024,2024-01-17
"전북특별자치도",전주시 완산구,시도,,서원로,3,전북특별자치도 전주시 완산구 신촌1길 50,전북특별자치도 전주시 완산구 효자동3가 37-45,35.81373887,127.113459,3,2,Y,301,2,4,4,녹색+황색+녹색화살표+적색,50+3+50+50,2,3,1,Y,23:00,06:00,N,Y,N,,전북특별자치도 전주시청,063-281-5024,2024-01-17
"전북특별자치도",전주시 완산구,시도,716,강변로,3,,전북특별자치도 전주시 완산구 효자동1가 535-87,35.80990475,127.1119419,3,1,Y,304,1,3,3,녹색+황색+적색,50+3+50,2,3,1,N,00:00,00:00,N,N,N,,전북특별자치도 전주시청,063-281-5024,2024-01-17
"전북특별자치도",전주시 덕진구,시도,17,동부대로,3,,전북특별자치도 전주시 덕진구 우아동2가 820-34,35.83234256,127.1747296,3,2,Y,309,2,4,4,녹색+황색+녹색화살표+적색,50+3+50+50,2,3,1,Y,23:00,06:30,N,Y,N,,전북특별자치도 전주시청,063-281-5024,2024-01-17
"전북특별자치도",전주시 덕진구,시도,,아중로,3,,전북특별자치도 전주시 덕진구 우아동1가 1126,35.82837983,127.1729727,3,2,Y,311,2,4,4,녹색+황색+녹색화살표+적색,50+3+50+50,2,3,1,Y,00:00,06:30,N,Y,Y,,전북특별자치도 전주시청,063-281-5024,2024-01-17
"전북특별자치도",전주시 덕진구,시도,,아중로,3,전북특별자치도 전주시 덕진구 아중로 192,전북특별자치도 전주시 덕진구 우아동1가 1088-1,35.82735408,127.1705888,3,2,Y,312,2,4,4,녹색+황색+녹색화살표+적색,50+3+50+50,2,3,1,N,00:00,00:00,N,Y,Y,,전북특별자치도 전주시청,063-281-5024,2024-01-17
"전북특별자치도",전주시 덕진구,시도,,아중로,3,전북특별자치도 전주시 덕진구 아중로 180,전북특별자치도 전주시 덕진구 인후동1가 951-3,35.82656168,127.1700262,3,1,Y,312.A,2,3,3,녹색+황색+적색,50+3+50,2,3,1,N,00:00,00:00,N,Y,N,,전북특별자치도 전주시청,063-281-5024,2024-01-17
"전북특별자치도",전주시 덕진구,시도,,아중로,3,,전북특별자치도 전주시 덕진구 인후동1가 916-1,35.82599139,127.164994,3,2,Y,314,2,4,4,녹색+황색+녹색화살표+적색,50+3+50+50,2,3,1,N,00:00,00:00,N,Y,Y,,전북특별자치도 전주시청,063-281-5024,2024-01-17
"전북특별자치도",전주시 덕진구,시도,,정언신로,3,,전북특별자치도 전주시 덕진구 인후동1가 832-3,35.83037699,127.159433,3,2,Y,319,2,4,4,녹색+황색+녹색화살표+적색,50+3+50+50,2,3,1,N,00:00,00:00,N,Y,N,,전북특별자치도 전주시청,063-281-5024,2024-01-17
"전북특별자치도",전주시 덕진구,시도,,건산로,3,전북특별자치도 전주시 덕진구 건산로 277,전북특별자치도 전주시 덕진구 우아동2가 864-1,35.83591548,127.167139,3,2,Y,321,2,4,4,녹색+황색+녹색화살표+적색,50+3+50+50,2,3,1,N,00:00,00:00,N,Y,Y,,전북특별자치도 전주시청,063-281-5024,2024-01-17
"전북특별자치도",전주시 덕진구,시도,,건산로,3,전북특별자치도 전주시 덕진구 건산로 251,전북특별자치도 전주시 덕진구 인후동1가 807-8,35.83538533,127.1642714,3,1,Y,322,2,3,3,녹색+황색+적색,50+3+50,2,3,1,Y,09:00,00:00,N,Y,Y,,전북특별자치도 전주시청,063-281-5024,2024-01-17
"전북특별자치도",전주시 덕진구,시도,,건산로,3,전북특별자치도 전주시 덕진구 건산로 228,전북특별자치도 전주시 덕진구 인후동1가 835-4,35.83392132,127.1622249,3,2,Y,323,2,4,4,녹색+황색+녹색화살표+적색,50+3+50+50,2,3,1,N,00:00,00:00,N,Y,Y,,전북특별자치도 전주시청,063-281-5024,2024-01-17
"전북특별자치도",전주시 덕진구,시도,,건산로,3,,전북특별자치도 전주시 덕진구 인후동1가 724-5,35.83390877,127.1603999,3,2,Y,324,2,4,4,녹색+황색+녹색화살표+적색,50+3+50+50,2,3,1,Y,00:00,06:00,N,Y,N,,전북특별자치도 전주시청,063-281-5024,2024-01-17
"전북특별자치도",전주시 덕진구,시도,,사평로,3,전북특별자치도 전주시 덕진구 사평로 20,전북특별자치도 전주시 덕진구 덕진동1가 1433-1,35.83966743,127.119832,3,2,Y,338,1,4,4,녹색+황색+녹색화살표+적색,50+3+50+50,2,3,1,Y,23:00,06:30,N,N,N,,전북특별자치도 전주시청,063-281-5024,2024-01-17
"전북특별자치도",전주시 덕진구,시도,713,혁신로,3,,전북특별자치도 전주시 덕진구 장동 605-3,35.85350777,127.0661311,3,2,Y,339,2,4,4,녹색+황색+녹색화살표+적색,50+3+50+50,2,3,1,Y,00:00,06:00,N,Y,N,,전북특별자치도 전주시청,063-281-5024,2024-01-17
"전북특별자치도",전주시 완산구,시도,,사평로,3,,전북특별자치도 전주시 완산구 서신동 91,35.83792704,127.1173357,3,2,Y,341,2,4,4,녹색+황색+녹색화살표+적색,50+3+50+50,2,3,1,Y,00:00,06:00,N,Y,N,,전북특별자치도 전주시청,063-281-5024,2024-01-17
"전북특별자치도",전주시 완산구,시도,,여울로,3,,전북특별자치도 전주시 완산구 서신동 750-1,35.83778794,127.112245,3,2,Y,343,2,4,4,녹색+황색+녹색화살표+적색,50+3+50+50,2,3,1,Y,23:00,06:30,N,Y,N,,전북특별자치도 전주시청,063-281-5024,2024-01-17
"전북특별자치도",전주시 완산구,시도,,전주천서로,3,,전북특별자치도 전주시 완산구 서신동 983,35.83581209,127.115873,3,2,Y,345,2,4,4,녹색+황색+녹색화살표+적색,50+3+50+50,2,3,1,Y,00:00,07:00,N,Y,N,,전북특별자치도 전주시청,063-281-5024,2024-01-17
"전북특별자치도",전주시 완산구,시도,,새터로,3,전북특별자치도 전주시 완산구 새터로 52,전북특별자치도 전주시 완산구 서신동 940-3,35.83536804,127.1119556,3,2,Y,346,1,4,4,녹색+황색+녹색화살표+적색,50+3+50+50,2,3,1,Y,23:00,06:00,N,N,N,,전북특별자치도 전주시청,063-281-5024,2024-01-17
"전북특별자치도",전주시 덕진구,시도,,시천로,3,,전북특별자치도 전주시 덕진구 송천동2가 561-6,35.86663596,127.114535,3,2,Y,348,2,4,4,녹색+황색+녹색화살표+적색,50+3+50+50,2,3,1,N,00:00,00:00,N,Y,N,,전북특별자치도 전주시청,063-281-5024,2024-01-17
"전북특별자치도",전주시 덕진구,시도,,솔내로,3,전북특별자치도 전주시 덕진구 솔내로 210,전북특별자치도 전주시 덕진구 송천동2가 292,35.86877745,127.1276268,3,2,Y,358,2,4,4,녹색+황색+녹색화살표+적색,50+3+50+50,2,3,1,Y,00:00,06:00,N,Y,N,,전북특별자치도 전주시청,063-281-5024,2024-01-17
"전북특별자치도",전주시 덕진구,시도,,천마산로,3,,전북특별자치도 전주시 덕진구 송천동1가 산37-3,35.86379887,127.1250775,3,2,Y,361,2,4,4,녹색+황색+녹색화살표+적색,50+3+50+50,2,3,1,Y,08:00,06:00,N,Y,N,,전북특별자치도 전주시청,063-281-5024,2024-01-17
"전북특별자치도",전주시 덕진구,시도,,조경단로,3,,전북특별자치도 전주시 덕진구 덕진동1가 1522-1,35.84788528,127.1411043,3,2,Y,363,2,4,4,녹색+황색+녹색화살표+적색,50+3+50+50,2,3,3,N,00:00,00:00,N,Y,N,,전북특별자치도 전주시청,063-281-5024,2024-01-17
"전북특별자치도",전주시 덕진구,시도,,무삼지로,3,전북특별자치도 전주시 덕진구 정언신로 89,전북특별자치도 전주시 덕진구 인후동1가 857-1,35.83129554,127.1636583,3,2,Y,365,2,4,4,녹색+황색+녹색화살표+적색,50+3+50+50,2,3,1,Y,22:00,06:30,N,Y,Y,,전북특별자치도 전주시청,063-281-5024,2024-01-17
"전북특별자치도",전주시 덕진구,시도,,무삼지로,3,전북특별자치도 전주시 덕진구 무삼지로 47,전북특별자치도 전주시 덕진구 인후동1가 877-5,35.829844,127.1636723,3,2,Y,366,2,4,4,녹색+황색+녹색화살표+적색,50+3+50+50,2,3,1,Y,00:00,06:00,N,Y,Y,,전북특별자치도 전주시청,063-281-5024,2024-01-17
"전북특별자치도",전주시 덕진구,시도,,무삼지로,3,,전북특별자치도 전주시 덕진구 인후동1가 996,35.828655,127.164427,3,2,Y,367,2,4,4,녹색+황색+녹색화살표+적색,50+3+50+50,2,3,1,Y,00:00,06:00,N,Y,N,,전북특별자치도 전주시청,063-281-5024,2024-01-17
"전북특별자치도",전주시 덕진구,시도,,무삼지로,3,전북특별자치도 전주시 덕진구 무삼지로 21,전북특별자치도 전주시 덕진구 인후동1가 904-5,35.82774998,127.1651188,3,2,Y,368,1,4,4,녹색+황색+녹색화살표+적색,50+3+50+50,2,3,1,N,00:00,00:00,N,N,N,,전북특별자치도 전주시청,063-281-5024,2024-01-17
"전북특별자치도",전주시 덕진구,시도,,무삼지로,3,전북특별자치도 전주시 덕진구 무삼지로 10,전북특별자치도 전주시 덕진구 인후동1가 918-1,35.82733654,127.1675484,3,1,Y,368.A,2,3,3,녹색+황색+적색,50+3+50,2,3,1,Y,00:00,06:00,N,Y,N,,전북특별자치도 전주시청,063-281-5024,2024-01-17
"전북특별자치도",전주시 덕진구,시도,,무삼지로,3,전북특별자치도 전주시 덕진구 무삼지로 7,전북특별자치도 전주시 덕진구 인후동1가 917,35.82691771,127.1650204,3,1,Y,368.B,2,3,3,녹색+황색+적색,50+3+50,2,3,1,Y,22:00,04:00,N,Y,N,,전북특별자치도 전주시청,063-281-5024,2024-01-17
"전북특별자치도",전주시 덕진구,시도,,석소로,3,전북특별자치도 전주시 덕진구 석소로 29,전북특별자치도 전주시 덕진구 인후동1가 890-3,35.83004846,127.1684262,3,2,Y,370,2,4,4,녹색+황색+녹색화살표+적색,50+3+50+50,2,3,1,Y,20:00,06:00,N,Y,Y,,전북특별자치도 전주시청,063-281-5024,2024-01-17
"전북특별자치도",전주시 덕진구,시도,,가재미로,3,전북특별자치도 전주시 덕진구 정언신로 69,전북특별자치도 전주시 덕진구 인후동1가 833-7,35.83070601,127.1614048,3,2,Y,371,1,4,4,녹색+황색+녹색화살표+적색,50+3+50+50,2,3,1,N,00:00,00:00,N,N,N,,전북특별자치도 전주시청,063-281-5024,2024-01-17
"전북특별자치도",전주시 덕진구,시도,,구총목로,3,전북특별자치도 전주시 덕진구 구총목로 25,전북특별자치도 전주시 덕진구 인후동1가 888-8,35.82836337,127.1628763,3,2,Y,372,1,4,4,녹색+황색+녹색화살표+적색,50+3+50+50,2,3,1,Y,20:00,06:00,N,N,N,,전북특별자치도 전주시청,063-281-5024,2024-01-17
"전북특별자치도",전주시 완산구,시도,,춘향로,3,,전북특별자치도 전주시 완산구 대성동 342-5,35.800867,127.1704671,3,2,Y,374,1,4,4,녹색+황색+녹색화살표+적색,50+3+50+50,2,3,1,N,00:00,00:00,Y,N,N,,전북특별자치도 전주시청,063-281-5024,2024-01-17
"전북특별자치도",전주시 완산구,시도,,춘향로,3,,전북특별자치도 전주시 완산구 대성동 20,35.79899806,127.1786838,3,2,Y,375,2,4,4,녹색+황색+녹색화살표+적색,50+3+50+50,2,3,1,N,00:00,00:00,Y,Y,N,,전북특별자치도 전주시청,063-281-5024,2024-01-17
"전북특별자치도",전주시 완산구,시도,,춘향로,3,,전북특별자치도 전주시 완산구 색장동 474-1,35.79731643,127.186946,3,1,Y,375.A,1,3,3,녹색+황색+적색,50+3+50,2,3,1,Y,00:00,06:00,N,N,N,,전북특별자치도 전주시청,063-281-5024,2024-01-17
"전북특별자치도",전주시 완산구,시도,,춘향로,3,,전북특별자치도 전주시 완산구 색장동 160-1,35.796914,127.189309,3,2,Y,376,1,4,4,녹색+황색+녹색화살표+적색,50+3+50+50,2,3,1,N,00:00,00:00,N,N,N,,전북특별자치도 전주시청,063-281-5024,2024-01-17
"전북특별자치도",전주시 완산구,시도,17,춘향로,3,,전북특별자치도 전주시 완산구 색장동 887-2,35.794175,127.193085,3,2,Y,377,2,4,4,녹색+황색+녹색화살표+적색,50+3+50+50,2,3,1,Y,09:30,00:00,Y,Y,N,,전북특별자치도 전주시청,063-281-5024,2024-01-17
"전북특별자치도",전주시 완산구,시도,17,춘향로,3,,전북특별자치도 전주시 완산구 색장동 840-2,35.78069922,127.198262,3,2,Y,378,2,4,4,녹색+황색+녹색화살표+적색,50+3+50+50,2,3,3,Y,00:00,06:00,Y,Y,N,,전북특별자치도 전주시청,063-281-5024,2024-01-17
"전북특별자치도",전주시 완산구,시도,,노송광장로,3,,전북특별자치도 전주시 완산구 서노송동 616-21,35.82343339,127.1468682,3,2,Y,379,1,4,4,녹색+황색+녹색화살표+적색,50+3+50+50,2,3,1,Y,22:00,06:00,N,N,N,,전북특별자치도 전주시청,063-281-5024,2024-01-17
"전북특별자치도",전주시 완산구,시도,,노송광장로,3,,전북특별자치도 전주시 완산구 서노송동 617-2,35.823864,127.1468826,3,2,Y,379.A,1,4,4,녹색+황색+녹색화살표+적색,50+3+50+50,2,3,1,Y,00:00,06:00,N,N,N,,전북특별자치도 전주시청,063-281-5024,2024-01-17
"전북특별자치도",전주시 완산구,시도,,평화로,3,,전북특별자치도 전주시 완산구 평화동1가 741-10,35.792605,127.1366428,3,2,Y,381,1,4,4,녹색+황색+녹색화살표+적색,50+3+50+50,2,3,1,Y,00:00,06:30,N,N,N,,전북특별자치도 전주시청,063-281-5024,2024-01-17
"전북특별자치도",전주시 완산구,시도,,평화로,3,전북특별자치도 전주시 완산구 평화로 137,전북특별자치도 전주시 완산구 평화동2가 871-4,35.78900014,127.1350913,3,2,Y,382,2,4,4,녹색+황색+녹색화살표+적색,50+3+50+50,2,3,1,Y,22:00,06:00,N,Y,N,,전북특별자치도 전주시청,063-281-5024,2024-01-17
"전북특별자치도",전주시 완산구,시도,,대동로,3,,전북특별자치도 전주시 완산구 태평동 102-28,35.820777,127.1361829,3,2,Y,390,2,4,4,녹색+황색+녹색화살표+적색,50+3+50+50,2,3,1,Y,00:00,06:20,N,Y,N,,전북특별자치도 전주시청,063-281-5024,2024-01-17
"전북특별자치도",전주시 완산구,시도,,전룡로,3,,전북특별자치도 전주시 완산구 서신동 6-62,35.829026,127.1259009,3,1,Y,392,2,3,3,녹색+황색+적색,50+3+50,2,3,1,Y,22:00,07:00,N,Y,N,,전북특별자치도 전주시청,063-281-5024,2024-01-17
"전북특별자치도",전주시 완산구,시도,,장승배기로,3,전북특별자치도 전주시 완산구 황학5길 4,전북특별자치도 전주시 완산구 동서학동 849-62,35.80759067,127.1596594,3,2,Y,396,2,4,4,녹색+황색+녹색화살표+적색,50+3+50+50,2,3,1,Y,00:00,06:20,N,Y,N,,전북특별자치도 전주시청,063-281-5024,2024-01-17
"전북특별자치도",전주시 덕진구,시도,,추천로,3,,전북특별자치도 전주시 덕진구 팔복동1가 10-6,35.855572,127.114488,3,2,Y,399,1,4,4,녹색+황색+녹색화살표+적색,50+3+50+50,2,3,1,N,00:00,00:00,N,N,N,,전북특별자치도 전주시청,063-281-5024,2024-01-17
"전북특별자치도",전주시 완산구,시도,716,콩쥐팥쥐로,3,,전북특별자치도 전주시 완산구 상림동 39-8,35.82442204,127.0784695,3,2,Y,400,2,4,4,녹색+황색+녹색화살표+적색,50+3+50+50,2,3,3,N,00:00,00:00,Y,Y,N,,전북특별자치도 전주시청,063-281-5024,2024-01-17
"전북특별자치도",전주시 완산구,시도,,당산로,3,전북특별자치도 전주시 완산구 당산로 36,전북특별자치도 전주시 완산구 서신동 797,35.83200747,127.112212,3,2,Y,401,1,4,4,녹색+황색+녹색화살표+적색,50+3+50+50,2,3,1,N,00:00,00:00,N,N,N,,전북특별자치도 전주시청,063-281-5024,2024-01-17
"전북특별자치도",전주시 완산구,시도,,당산로,3,전북특별자치도 전주시 완산구 당산로 100,전북특별자치도 전주시 완산구 서신동 785-1,35.83198451,127.1194672,3,2,Y,402,2,4,4,녹색+황색+녹색화살표+적색,50+3+50+50,2,3,1,Y,00:00,06:00,N,Y,N,,전북특별자치도 전주시청,063-281-5024,2024-01-17
"전북특별자치도",전주시 덕진구,시도,26,번영로,3,,전북특별자치도 전주시 덕진구 도도동 463,35.8760553,127.0174954,3,2,Y,403,1,4,4,녹색+황색+녹색화살표+적색,50+3+50+50,2,3,1,Y,00:00,06:00,N,N,N,,전북특별자치도 전주시청,063-281-5024,2024-01-17
"전북특별자치도",전주시 덕진구,시도,26,번영로,3,,전북특별자치도 전주시 덕진구 남정동 59-5,35.8762562,127.0276644,3,1,Y,404,1,3,3,녹색+황색+적색,50+3+50,2,3,1,N,00:00,00:00,N,N,N,,전북특별자치도 전주시청,063-281-5024,2024-01-17
"전북특별자치도",전주시 덕진구,시도,26,번영로,3,전북특별자치도 전주시 덕진구 번영로 298,전북특별자치도 전주시 덕진구 성덕동 159-1,35.87695456,127.0397054,3,2,Y,406,1,4,4,녹색+황색+녹색화살표+적색,50+3+50+50,2,3,1,Y,00:00,06:30,N,N,N,,전북특별자치도 전주시청,063-281-5024,2024-01-17
"전북특별자치도",전주시 덕진구,시도,,초포다리로,3,,전북특별자치도 전주시 덕진구 호성동1가 421-4,35.87217093,127.1576306,3,2,Y,407,1,4,4,녹색+황색+녹색화살표+적색,50+3+50+50,2,3,1,N,00:00,00:00,N,N,N,,전북특별자치도 전주시청,063-281-5024,2024-01-17
"전북특별자치도",전주시 완산구,시도,,서신로,3,전북특별자치도 전주시 완산구 서신로 51,전북특별자치도 전주시 완산구 서신동 815,35.83000398,127.1156111,3,2,Y,408,1,4,4,녹색+황색+녹색화살표+적색,50+3+50+50,2,3,1,Y,00:00,06:30,N,N,N,,전북특별자치도 전주시청,063-281-5024,2024-01-17
"전북특별자치도",전주시 완산구,시도,,서신로,3,전북특별자치도 전주시 완산구 서신로 33,전북특별자치도 전주시 완산구 서신동 831-4,35.82836947,127.1155947,3,2,Y,409,2,4,4,녹색+황색+녹색화살표+적색,50+3+50+50,2,3,1,Y,09:00,00:00,N,Y,N,,전북특별자치도 전주시청,063-281-5024,2024-01-17
"전북특별자치도",전주시 덕진구,시도,,권삼득로,3,,전북특별자치도 전주시 덕진구 덕진동1가 664-44,35.844085,127.1273492,3,2,Y,410,2,4,4,녹색+황색+녹색화살표+적색,50+3+50+50,2,3,1,N,00:00,00:00,N,Y,N,,전북특별자치도 전주시청,063-281-5024,2024-01-17
"전북특별자치도",전주시 덕진구,시도,,권삼득로,3,,전북특별자치도 전주시 덕진구 덕진동1가 664-39,35.84529082,127.1254886,3,2,Y,411,1,4,4,녹색+황색+녹색화살표+적색,50+3+50+50,2,3,1,Y,20:00,00:00,N,N,N,,전북특별자치도 전주시청,063-281-5024,2024-01-17
"전북특별자치도",전주시 덕진구,시도,,송천로,3,,전북특별자치도 전주시 덕진구 송천동1가 379-5,35.85539908,127.119033,3,2,Y,415,1,4,4,녹색+황색+녹색화살표+적색,50+3+50+50,2,3,1,N,00:00,00:00,N,N,N,,전북특별자치도 전주시청,063-281-5024,2024-01-17
"전북특별자치도",전주시 완산구,시도,,중화산로,3,전북특별자치도 전주시 완산구 화산천변5길 18,전북특별자치도 전주시 완산구 중화산동2가 755-1,35.82079411,127.1179194,3,2,Y,423,2,4,4,녹색+황색+녹색화살표+적색,50+3+50+50,2,3,1,N,00:00,00:00,N,Y,N,,전북특별자치도 전주시청,063-281-5024,2024-01-17
"전북특별자치도",전주시 완산구,시도,,화산천변로,3,전북특별자치도 전주시 완산구 화산천변로 29,전북특별자치도 전주시 완산구 중화산동2가 748-4,35.82169895,127.1159104,3,2,Y,424,2,4,4,녹색+황색+녹색화살표+적색,50+3+50+50,2,3,1,N,00:00,00:00,N,Y,N,,전북특별자치도 전주시청,063-281-5024,2024-01-17
"전북특별자치도",전주시 완산구,시도,,중산중앙로,3,전북특별자치도 전주시 완산구 중산로 25,전북특별자치도 전주시 완산구 중화산동2가 617-4,35.81634597,127.1201644,3,2,Y,425,2,4,4,녹색+황색+녹색화살표+적색,50+3+50+50,2,3,3,Y,00:00,06:00,Y,Y,Y,,전북특별자치도 전주시청,063-281-5024,2024-01-17
"전북특별자치도",전주시 완산구,시도,,성지산로,3,전북특별자치도 전주시 완산구 성지산로 37,전북특별자치도 전주시 완산구 삼천동1가 150-4,35.80084299,127.1220613,3,1,Y,426,2,3,3,녹색+황색+적색,50+3+50,2,3,1,Y,23:00,06:30,N,Y,N,,전북특별자치도 전주시청,063-281-5024,2024-01-17
"전북특별자치도",전주시 덕진구,시도,,전미중앙로,3,,전북특별자치도 전주시 덕진구 전미동2가 79-11,35.88308303,127.1098485,3,2,Y,429,2,4,4,녹색+황색+녹색화살표+적색,50+3+50+50,2,3,1,Y,23:00,07:00,N,Y,N,,전북특별자치도 전주시청,063-281-5024,2024-01-17
"전북특별자치도",전주시 완산구,시도,,서곡로,3,전북특별자치도 전주시 완산구 세내로 540,전북특별자치도 전주시 완산구 효자동3가 1456-6,35.8338605,127.100157,3,2,Y,431,2,4,4,녹색+황색+녹색화살표+적색,50+3+50+50,2,3,1,N,00:00,00:00,N,Y,N,,전북특별자치도 전주시청,063-281-5024,2024-01-17
"전북특별자치도",전주시 완산구,시도,,서곡로,3,전북특별자치도 전주시 완산구 서곡로 36,전북특별자치도 전주시 완산구 효자동3가 1483-1,35.83238199,127.099424,3,2,Y,431.A,2,4,4,녹색+황색+녹색화살표+적색,50+3+50+50,2,3,1,Y,00:00,06:30,N,Y,N,,전북특별자치도 전주시청,063-281-5024,2024-01-17
"전북특별자치도",전주시 완산구,시도,,서곡7길,3,전북특별자치도 전주시 완산구 세내로 514,전북특별자치도 전주시 완산구 효자동3가 1468-7,35.83267849,127.1024699,3,2,Y,432,1,4,4,녹색+황색+녹색화살표+적색,50+3+50+50,2,3,1,Y,00:00,06:30,N,N,N,,전북특별자치도 전주시청,063-281-5024,2024-01-17
"전북특별자치도",전주시 완산구,시도,,솟대로,3,전북특별자치도 전주시 완산구 거마남로 83,전북특별자치도 전주시 완산구 삼천동1가 637-9,35.795867,127.1256484,3,2,Y,434,2,4,4,녹색+황색+녹색화살표+적색,50+3+50+50,2,3,1,Y,00:00,19:00,N,Y,N,,전북특별자치도 전주시청,063-281-5024,2024-01-17
"전북특별자치도",전주시 완산구,시도,,평화로,3,전북특별자치도 전주시 완산구 평화로 85,전북특별자치도 전주시 완산구 평화동2가 897-3,35.78433159,127.1329066,3,2,Y,442,2,4,4,녹색+황색+녹색화살표+적색,50+3+50+50,2,3,1,Y,22:00,06:30,N,Y,N,,전북특별자치도 전주시청,063-281-5024,2024-01-17
"전북특별자치도",전주시 완산구,시도,,평화로,3,전북특별자치도 전주시 완산구 평화로 74,전북특별자치도 전주시 완산구 평화동2가 911-2,35.78337483,127.1340232,3,2,Y,442.A,2,4,4,녹색+황색+녹색화살표+적색,50+3+50+50,2,3,1,N,00:00,00:00,N,Y,N,,전북특별자치도 전주시청,063-281-5024,2024-01-17
"전북특별자치도",전주시 완산구,시도,,당산로,3,전북특별자치도 전주시 완산구 당산로 2,전북특별자치도 전주시 완산구 서신동 762,35.83182841,127.1097297,3,2,Y,443,2,4,4,녹색+황색+녹색화살표+적색,50+3+50+50,2,3,3,Y,18:00,08:00,Y,Y,Y,,전북특별자치도 전주시청,063-281-5024,2024-01-17
"전북특별자치도",전주시 덕진구,시도,,소리로,3,전북특별자치도 전주시 덕진구 소리로 181,전북특별자치도 전주시 덕진구 호성동1가 901,35.85790872,127.1520057,3,2,Y,444,2,4,4,녹색+황색+녹색화살표+적색,50+3+50+50,2,3,3,Y,18:00,07:30,Y,Y,Y,,전북특별자치도 전주시청,063-281-5024,2024-01-17
"전북특별자치도",전주시 덕진구,시도,,천마산로,3,,전북특별자치도 전주시 덕진구 송천동2가 179-48,35.865247,127.1291209,3,2,Y,445,1,4,4,녹색+황색+녹색화살표+적색,50+3+50+50,2,3,1,Y,09:00,00:00,N,N,N,,전북특별자치도 전주시청,063-281-5024,2024-01-17
"전북특별자치도",전주시 완산구,시도,,서신천변11길,3,전북특별자치도 전주시 완산구 서신천변11길 18-1,전북특별자치도 전주시 완산구 서신동 819-9,35.8302832,127.1122789,3,2,Y,447,2,4,4,녹색+황색+녹색화살표+적색,50+3+50+50,2,3,1,N,00:00,00:00,N,Y,N,,전북특별자치도 전주시청,063-281-5024,2024-01-17
"전북특별자치도",전주시 완산구,시도,,견훤왕궁로,3,,전북특별자치도 전주시 완산구 중노송동 387-3,35.82759557,127.154151,3,2,Y,449,1,4,4,녹색+황색+녹색화살표+적색,50+3+50+50,2,3,1,N,00:00,00:00,N,N,N,,전북특별자치도 전주시청,063-281-5024,2024-01-17
"전북특별자치도",전주시 완산구,시도,,태평로,3,,전북특별자치도 전주시 완산구 태평동 83-58,35.82126003,127.1385694,3,2,Y,450,2,4,4,녹색+황색+녹색화살표+적색,50+3+50+50,2,3,1,N,00:00,00:00,N,Y,N,,전북특별자치도 전주시청,063-281-5024,2024-01-17
"전북특별자치도",전주시 완산구,시도,,대동로,3,,전북특별자치도 전주시 완산구 다가동4가 1-1,35.821384,127.1393324,3,2,Y,451,2,4,4,녹색+황색+녹색화살표+적색,50+3+50+50,2,3,1,N,00:00,00:00,N,Y,N,,전북특별자치도 전주시청,063-281-5024,2024-01-17
"전북특별자치도",전주시 완산구,시도,,대동로,3,전북특별자치도 전주시 완산구 대동로 45,전북특별자치도 전주시 완산구 태평동 58-3,35.82207286,127.1410529,3,2,Y,451.A,2,4,4,녹색+황색+녹색화살표+적색,50+3+50+50,2,3,1,N,00:00,00:00,N,Y,N,,전북특별자치도 전주시청,063-281-5024,2024-01-17
"전북특별자치도",전주시 완산구,시도,,태진로,3,,전북특별자치도 전주시 완산구 태평동 223-19,35.822886,127.137578,3,2,Y,452,2,4,4,녹색+황색+녹색화살표+적색,50+3+50+50,2,3,1,N,00:00,00:00,N,Y,N,,전북특별자치도 전주시청,063-281-5024,2024-01-17
"전북특별자치도",전주시 덕진구,시도,27,기린대로,3,,전북특별자치도 전주시 덕진구 팔복동1가 319-2,35.8565422,127.1001815,3,1,Y,454,2,3,3,녹색+황색+적색,50+3+50,2,3,1,Y,09:00,00:00,N,Y,N,,전북특별자치도 전주시청,063-281-5024,2024-01-17
"전북특별자치도",전주시 완산구,시도,,홍산중앙로,3,전북특별자치도 전주시 완산구 홍산남로 62,전북특별자치도 전주시 완산구 효자동2가 1155-7,35.81555352,127.1087755,3,2,Y,461,1,4,4,녹색+황색+녹색화살표+적색,50+3+50+50,2,3,1,N,00:00,00:00,N,N,N,,전북특별자치도 전주시청,063-281-5024,2024-01-17
"전북특별자치도",전주시 완산구,시도,,여울로,3,전북특별자치도 전주시 완산구 여울로 35,전북특별자치도 전주시 완산구 서신동 966-1,35.83618523,127.1197796,3,2,Y,464,1,4,4,녹색+황색+녹색화살표+적색,50+3+50+50,2,3,1,N,00:00,00:00,N,N,N,,전북특별자치도 전주시청,063-281-5024,2024-01-17
"전북특별자치도",전주시 완산구,시도,,봉곡로,3,전북특별자치도 전주시 완산구 봉곡로 93,전북특별자치도 전주시 완산구 효자동2가 1266-5,35.81155615,127.1039991,3,2,Y,470,2,4,4,녹색+황색+녹색화살표+적색,50+3+50+50,2,3,1,Y,23:00,06:00,N,Y,N,,전북특별자치도 전주시청,063-281-5024,2024-01-17
"전북특별자치도",전주시 완산구,시도,,춘향로,3,,전북특별자치도 전주시 완산구 색장동 465-2,35.79739939,127.1867932,3,2,Y,474,2,4,4,녹색+황색+녹색화살표+적색,50+3+50+50,2,3,1,N,00:00,00:00,N,N,N,,전북특별자치도 전주시청,063-281-5024,2024-01-17
"전북특별자치도",전주시 덕진구,시도,,권삼득로,3,,전북특별자치도 전주시 덕진구 덕진동2가 195-7,35.847034,127.120962,3,2,Y,477,1,4,4,녹색+황색+녹색화살표+적색,50+3+50+50,2,3,1,Y,00:00,05:50,N,N,N,,전북특별자치도 전주시청,063-281-5024,2024-01-17
"전북특별자치도",전주시 완산구,시도,,송정중앙로,3,전북특별자치도 전주시 완산구 송정중앙로 25,전북특별자치도 전주시 완산구 삼천동1가 567-15,35.802199,127.1203467,3,2,Y,479,2,4,4,녹색+황색+녹색화살표+적색,50+3+50+50,2,3,1,N,00:00,00:00,N,Y,N,,전북특별자치도 전주시청,063-281-5024,2024-01-17
"전북특별자치도",전주시 덕진구,시도,,과학로,3,,전북특별자치도 전주시 덕진구 전미동1가 산22-1,35.88441024,127.1287143,3,1,Y,483,2,3,3,녹색+황색+적색,50+3+50,2,3,3,Y,23:00,06:30,Y,N,N,,전북특별자치도 전주시청,063-281-5024,2024-01-17
"전북특별자치도",전주시 완산구,시도,,여울로,3,전북특별자치도 전주시 완산구 새터로 120,전북특별자치도 전주시 완산구 서신동 967-1,35.83539352,127.1198314,3,2,Y,486,1,4,4,녹색+황색+녹색화살표+적색,50+3+50+50,2,3,1,N,00:00,00:00,N,N,N,,전북특별자치도 전주시청,063-281-5024,2024-01-17
"전북특별자치도",전주시 덕진구,시도,,전미로,3,전북특별자치도 전주시 덕진구 가리내로 28,전북특별자치도 전주시 덕진구 전미동2가 69-18,35.83435965,127.1330553,3,2,Y,494,1,4,4,녹색+황색+녹색화살표+적색,50+3+50+50,2,3,1,N,00:00,00:00,N,N,N,,전북특별자치도 전주시청,063-281-5024,2024-01-17
"전북특별자치도",전주시 덕진구,시도,27,가리내로,3,,전북특별자치도 전주시 덕진구 금암동 460-29,35.83443306,127.1326898,3,2,Y,496,2,4,4,녹색+황색+녹색화살표+적색,50+3+50+50,2,3,1,N,00:00,00:00,N,Y,N,,전북특별자치도 전주시청,063-281-5024,2024-01-17
"전북특별자치도",전주시 완산구,시도,,세내로,3,,전북특별자치도 전주시 완산구 효자동3가 1520,35.8331094,127.1011729,3,2,Y,497,2,4,4,녹색+황색+녹색화살표+적색,50+3+50+50,2,3,1,Y,00:00,06:30,N,Y,N,,전북특별자치도 전주시청,063-281-5024,2024-01-17
"전북특별자치도",전주시 완산구,시도,,서신로,3,전북특별자치도 전주시 완산구 서신천변14길 10,전북특별자치도 전주시 완산구 서신동 804,35.83102035,127.1153058,3,2,Y,498,1,4,4,녹색+황색+녹색화살표+적색,50+3+50+50,2,3,1,Y,00:00,06:00,N,N,N,,전북특별자치도 전주시청,063-281-5024,2024-01-17
"전북특별자치도",전주시 완산구,시도,,전주천서로,3,,전북특별자치도 전주시 완산구 동서학동 886-9,35.81081864,127.1596511,3,2,Y,499,2,4,4,녹색+황색+녹색화살표+적색,50+3+50+50,2,3,1,Y,00:00,06:00,N,Y,N,,전북특별자치도 전주시청,063-281-5024,2024-01-17
"전북특별자치도",전주시 덕진구,시도,,추천로,3,,전북특별자치도 전주시 덕진구 팔복동2가 798-3,35.85149244,127.111375,3,2,Y,500,1,4,4,녹색+황색+녹색화살표+적색,50+3+50+50,2,3,1,N,00:00,00:00,N,N,N,,전북특별자치도 전주시청,063-281-5024,2024-01-17
"전북특별자치도",전주시 덕진구,시도,,추천로,3,,전북특별자치도 전주시 덕진구 팔복동1가 711-8,35.852315,127.1123824,3,2,Y,501,1,4,4,녹색+황색+녹색화살표+적색,50+3+50+50,2,3,1,N,00:00,00:00,N,N,N,,전북특별자치도 전주시청,063-281-5024,2024-01-17
"전북특별자치도",전주시 덕진구,시도,,추천로,3,,전북특별자치도 전주시 덕진구 팔복동1가 3-4,35.85743607,127.1129248,3,2,Y,502,2,4,4,녹색+황색+녹색화살표+적색,50+3+50+50,2,3,1,Y,21:00,07:00,N,Y,N,,전북특별자치도 전주시청,063-281-5024,2024-01-17
"전북특별자치도",전주시 덕진구,시도,27,가리내로,3,,전북특별자치도 전주시 덕진구 덕진동2가 24-8,35.852376,127.115174,3,1,Y,504,1,3,3,녹색+황색+적색,50+3+50,2,3,1,N,00:00,00:00,N,N,N,,전북특별자치도 전주시청,063-281-5024,2024-01-17
"전북특별자치도",전주시 완산구,시도,,마전들로,3,전북특별자치도 전주시 완산구 마전들로 21,전북특별자치도 전주시 완산구 효자동3가 1669-5,35.82121221,127.0978336,3,2,Y,507,2,4,4,녹색+황색+녹색화살표+적색,50+3+50+50,2,3,1,Y,23:00,07:00,N,Y,N,,전북특별자치도 전주시청,063-281-5024,2024-01-17
"전북특별자치도",전주시 덕진구,시도,,추천로,3,,전북특별자치도 전주시 덕진구 팔복동1가 65-6,35.85402072,127.1137200162,3,2,Y,508,1,4,4,녹색+황색+녹색화살표+적색,50+3+50+50,2,3,1,N,00:00,00:00,N,N,N,,전북특별자치도 전주시청,063-281-5024,2024-01-17
"전북특별자치도",전주시 완산구,시도,,안행로,3,,전북특별자치도 전주시 완산구 삼천동1가 759,35.800353,127.130543,3,2,Y,511,1,4,4,녹색+황색+녹색화살표+적색,50+3+50+50,2,3,1,N,00:00,00:00,N,N,N,,전북특별자치도 전주시청,063-281-5024,2024-01-17
"전북특별자치도",전주시 완산구,시도,,난전들로,3,,전북특별자치도 전주시 완산구 삼천동1가 415-14,35.79064759,127.1167714,3,2,Y,512,2,4,4,녹색+황색+녹색화살표+적색,50+3+50+50,2,3,1,Y,18:00,07:00,N,Y,N,,전북특별자치도 전주시청,063-281-5024,2024-01-17
"전북특별자치도",전주시 완산구,시도,,효자로,3,,전북특별자치도 전주시 완산구 효자동3가 1134-1,35.81926791,127.0907800175,3,2,Y,515,1,4,4,녹색+황색+녹색화살표+적색,50+3+50+50,2,3,1,N,00:00,00:00,N,N,N,,전북특별자치도 전주시청,063-281-5024,2024-01-17
"전북특별자치도",전주시 완산구,시도,,춘향로,3,,전북특별자치도 전주시 완산구 색장동 872-155,35.78385667,127.1973705,3,2,Y,517,2,4,4,녹색+황색+녹색화살표+적색,50+3+50+50,2,3,3,Y,00:00,06:00,Y,N,N,,전북특별자치도 전주시청,063-281-5024,2024-01-17
"전북특별자치도",전주시 덕진구,시도,,안덕원로,3,전북특별자치도 전주시 덕진구 안덕원로 259,전북특별자치도 전주시 덕진구 인후동1가 768-19,35.83691155,127.1553736,3,1,Y,519,2,3,3,녹색+황색+적색,50+3+50,2,3,1,N,00:00,00:00,N,Y,N,,전북특별자치도 전주시청,063-281-5024,2024-01-17
"전북특별자치도",전주시 완산구,시도,,흑석로,3,,전북특별자치도 전주시 완산구 서서학동 286-18,35.803019,127.149994,3,1,Y,522,2,3,3,녹색+황색+적색,50+3+50,2,3,1,N,00:00,00:00,N,Y,N,,전북특별자치도 전주시청,063-281-5024,2024-01-17
"전북특별자치도",전주시 완산구,시도,,용머리로,3,,전북특별자치도 전주시 완산구 효자동1가 180-2,35.80573261,127.125754,3,1,Y,524,2,3,3,녹색+황색+적색,50+3+50,2,3,1,Y,00:00,06:30,N,Y,N,,전북특별자치도 전주시청,063-281-5024,2024-01-17
"전북특별자치도",전주시 완산구,시도,716,강변로,3,,전북특별자치도 전주시 완산구 중화산동2가 510-20,35.822467,127.1138095,3,1,Y,525,2,3,3,녹색+황색+적색,50+3+50,2,3,3,N,00:00,00:00,Y,Y,N,,전북특별자치도 전주시청,063-281-5024,2024-01-17
"전북특별자치도",전주시 완산구,시도,,백제대로,3,,전북특별자치도 전주시 완산구 효자동1가 223-12,35.80416162,127.1242857,3,1,Y,526,2,3,3,녹색+황색+적색,50+3+50,2,3,1,Y,00:00,06:00,N,Y,N,,전북특별자치도 전주시청,063-281-5024,2024-01-17
"전북특별자치도",전주시 덕진구,시도,,과학로,3,전북특별자치도 전주시 덕진구 과학로 145,전북특별자치도 전주시 덕진구 전미동1가 593-7,35.88186131,127.1280317,3,1,Y,528,1,3,3,녹색+황색+적색,50+3+50,2,3,3,Y,23:00,06:30,N,N,N,,전북특별자치도 전주시청,063-281-5024,2024-01-17
"전북특별자치도",전주시 완산구,시도,,충경로,3,,전북특별자치도 전주시 완산구 경원동3가 79-1,35.81949782,127.1499433,3,2,Y,532,2,4,4,녹색+황색+녹색화살표+적색,50+3+50+50,2,3,1,N,00:00,00:00,N,Y,N,,전북특별자치도 전주시청,063-281-5024,2024-01-17
"전북특별자치도",전주시 덕진구,시도,27,기린대로,3,,전북특별자치도 전주시 덕진구 동산동 512-4,35.864149,127.083325,3,2,Y,534,2,4,4,녹색+황색+녹색화살표+적색,50+3+50+50,2,3,1,Y,23:00,06:30,N,Y,N,,전북특별자치도 전주시청,063-281-5024,2024-01-17
"전북특별자치도",전주시 덕진구,시도,,한배미로,3,전북특별자치도 전주시 덕진구 아중로 180,전북특별자치도 전주시 덕진구 인후동1가 951-3,35.82656168,127.1700262,3,2,Y,535,2,4,4,녹색+황색+녹색화살표+적색,50+3+50+50,2,3,1,Y,00:00,06:30,N,Y,N,,전북특별자치도 전주시청,063-281-5024,2024-01-17
"전북특별자치도",전주시 완산구,시도,,구이로,3,,전북특별자치도 전주시 완산구 평화동3가 100-15,35.77964429,127.1293400161,3,1,Y,537,1,3,3,녹색+황색+적색,50+3+50,2,3,3,Y,00:00,06:30,N,N,N,,전북특별자치도 전주시청,063-281-5024,2024-01-17
"전북특별자치도",전주시 완산구,시도,,아중로,3,,전북특별자치도 전주시 완산구 중노송동 788,35.823521,127.1589713,3,2,Y,540,1,4,4,녹색+황색+녹색화살표+적색,50+3+50+50,2,3,1,Y,00:00,06:00,N,N,N,,전북특별자치도 전주시청,063-281-5024,2024-01-17
"전북특별자치도",전주시 덕진구,시도,,쪽구름로,3,,전북특별자치도 전주시 덕진구 여의동 661-5,35.86836175,127.0776884,3,2,Y,543,2,4,4,녹색+황색+녹색화살표+적색,50+3+50+50,2,3,1,Y,00:00,06:00,N,Y,N,,전북특별자치도 전주시청,063-281-5024,2024-01-17
"전북특별자치도",전주시 덕진구,시도,27,가리내로,3,,전북특별자치도 전주시 덕진구 덕진동1가 1548-55,35.8386526,127.1153237,3,2,Y,544,2,4,4,녹색+황색+녹색화살표+적색,50+3+50+50,2,3,1,Y,00:00,06:30,N,Y,N,,전북특별자치도 전주시청,063-281-5024,2024-01-17
"전북특별자치도",전주시 덕진구,시도,,팔달로,3,,전북특별자치도 전주시 덕진구 진북동 290-3,35.82832674,127.142052,3,1,Y,547,2,3,3,녹색+황색+적색,50+3+50,2,3,1,Y,23:00,06:30,N,Y,N,,전북특별자치도 전주시청,063-281-5024,2024-01-17
"전북특별자치도",전주시 완산구,시도,,장승배기로,3,전북특별자치도 전주시 완산구 장승배기로 311,전북특별자치도 전주시 완산구 서서학동 371-18,35.80080558,127.1454038,3,2,Y,549,2,4,4,녹색+황색+녹색화살표+적색,50+3+50+50,2,3,1,Y,09:00,08:00,N,Y,Y,,전북특별자치도 전주시청,063-281-5024,2024-01-17
"전북특별자치도",전주시 완산구,시도,,용머리로,3,,전북특별자치도 전주시 완산구 효자동1가 270-19,35.806268,127.1198898,3,2,Y,551,1,4,4,녹색+황색+녹색화살표+적색,50+3+50+50,2,3,1,Y,14:00,00:00,N,N,N,,전북특별자치도 전주시청,063-281-5024,2024-01-17
"전북특별자치도",전주시 완산구,시도,,용머리로,3,,전북특별자치도 전주시 완산구 서완산동2가 86-11,35.80902564,127.1362794,3,2,Y,552,2,4,4,녹색+황색+녹색화살표+적색,50+3+50+50,2,3,1,Y,23:00,05:00,N,Y,N,,전북특별자치도 전주시청,063-281-5024,2024-01-17
"전북특별자치도",전주시 덕진구,시도,,안덕원로,3,,전북특별자치도 전주시 덕진구 진북동 1033-5,35.82765671,127.1327994,3,2,Y,555,2,4,4,녹색+황색+녹색화살표+적색,50+3+50+50,2,3,1,Y,21:00,00:00,N,Y,N,,전북특별자치도 전주시청,063-281-5024,2024-01-17
"전북특별자치도",전주시 완산구,시도,27,기린대로,3,전북특별자치도 전주시 완산구 기린대로 198,전북특별자치도 전주시 완산구 서노송동 568-123,35.82512181,127.1481111,3,1,Y,559,2,3,3,녹색+황색+적색,50+3+50,2,3,1,N,00:00,00:00,N,Y,N,,전북특별자치도 전주시청,063-281-5024,2024-01-17
"전북특별자치도",전주시 덕진구,시도,,권삼득로,3,,전북특별자치도 전주시 덕진구 금암동 545-33,35.83669287,127.135727,3,1,Y,560,2,3,3,녹색+황색+적색,50+3+50,2,3,3,Y,22:00,06:00,Y,Y,Y,,전북특별자치도 전주시청,063-281-5024,2024-01-17
"전북특별자치도",전주시 덕진구,시도,27,기린대로,3,,전북특별자치도 전주시 덕진구 동산동 476-13,35.863723,127.086329,3,2,Y,562,1,4,4,녹색+황색+녹색화살표+적색,50+3+50+50,2,3,1,N,00:00,00:00,N,N,N,,전북특별자치도 전주시청,063-281-5024,2024-01-17
"전북특별자치도",전주시 덕진구,시도,27,기린대로,3,,전북특별자치도 전주시 덕진구 동산동 476-10,35.864552,127.086746,3,2,Y,563,1,4,4,녹색+황색+녹색화살표+적색,50+3+50+50,2,3,1,Y,23:00,06:30,N,N,N,,전북특별자치도 전주시청,063-281-5024,2024-01-17
"전북특별자치도",전주시 덕진구,시도,27,기린대로,3,,전북특별자치도 전주시 덕진구 동산동 448-6,35.867389,127.091197,3,2,Y,564,1,4,4,녹색+황색+녹색화살표+적색,50+3+50+50,2,3,1,N,00:00,00:00,N,N,N,,전북특별자치도 전주시청,063-281-5024,2024-01-17
"전북특별자치도",전주시 덕진구,시도,27,기린대로,3,,전북특별자치도 전주시 덕진구 팔복동4가 257-3,35.866671,127.0932308,3,2,Y,565,1,4,4,녹색+황색+녹색화살표+적색,50+3+50+50,2,3,1,Y,23:00,06:30,N,N,N,,전북특별자치도 전주시청,063-281-5024,2024-01-17
"전북특별자치도",전주시 덕진구,시도,27,기린대로,3,,전북특별자치도 전주시 덕진구 동산동 407-2,35.86236794,127.0904688,3,2,Y,566,1,4,4,녹색+황색+녹색화살표+적색,50+3+50+50,2,3,1,Y,09:00,00:00,N,N,N,,전북특별자치도 전주시청,063-281-5024,2024-01-17
"전북특별자치도",전주시 덕진구,시도,,온고을로,3,,전북특별자치도 전주시 덕진구 만성동 산5-3,35.850444,127.081653,3,2,Y,567,1,4,4,녹색+황색+녹색화살표+적색,50+3+50+50,2,3,3,Y,23:00,06:00,N,N,N,,전북특별자치도 전주시청,063-281-5024,2024-01-17
"전북특별자치도",전주시 덕진구,시도,,팔복로,3,,전북특별자치도 전주시 덕진구 팔복동3가 518-17,35.855471,127.0871519,3,2,Y,568,2,4,4,녹색+황색+녹색화살표+적색,50+3+50+50,2,3,1,N,00:00,00:00,N,Y,N,,전북특별자치도 전주시청,063-281-5024,2024-01-17
"전북특별자치도",전주시 덕진구,시도,,조경단로,3,,전북특별자치도 전주시 덕진구 덕진동1가 산36-27,35.85299995,127.1284571,3,2,Y,570,2,4,4,녹색+황색+녹색화살표+적색,50+3+50+50,2,3,1,N,00:00,00:00,N,Y,N,,전북특별자치도 전주시청,063-281-5024,2024-01-17
"전북특별자치도",전주시 덕진구,시도,,동부대로,3,,전북특별자치도 전주시 덕진구 우아동1가 835-8,35.82410776,127.1785735,3,2,Y,571,2,4,4,녹색+황색+녹색화살표+적색,50+3+50+50,2,3,3,N,00:00,00:00,Y,Y,N,,전북특별자치도 전주시청,063-281-5024,2024-01-17
"전북특별자치도",전주시 완산구,시도,,마전들로,3,전북특별자치도 전주시 완산구 마전들로 29,전북특별자치도 전주시 완산구 효자동3가 1668-5,35.82120051,127.0988052,3,2,Y,572,2,4,4,녹색+황색+녹색화살표+적색,50+3+50+50,2,3,3,N,00:00,00:00,Y,Y,Y,,전북특별자치도 전주시청,063-281-5024,2024-01-17
"전북특별자치도",전주시 덕진구,시도,,번영로,3,,전북특별자치도 전주시 덕진구 성덕동 624-1,35.87685621,127.0402947,3,2,Y,573,1,4,4,녹색+황색+녹색화살표+적색,50+3+50+50,2,3,1,Y,23:00,06:00,N,N,N,,전북특별자치도 전주시청,063-281-5024,2024-01-17
"전북특별자치도",전주시 덕진구,시도,,동부대로,3,,전북특별자치도 전주시 덕진구 송천동2가 69-57,35.869472,127.137094,3,2,Y,577,2,4,4,녹색+황색+녹색화살표+적색,50+3+50+50,2,3,1,Y,00:00,06:00,N,Y,N,,전북특별자치도 전주시청,063-281-5024,2024-01-17
"전북특별자치도",전주시 완산구,시도,,서원로,3,,전북특별자치도 전주시 완산구 중화산동1가 302-2,35.81364894,127.133544,3,2,Y,578,1,4,4,녹색+황색+녹색화살표+적색,50+3+50+50,2,3,1,N,00:00,00:00,N,N,N,,전북특별자치도 전주시청,063-281-5024,2024-01-17
"전북특별자치도",전주시 완산구,시도,,견훤왕궁로,3,,전북특별자치도 전주시 완산구 중노송동 368-5,35.825796,127.1532003,3,1,Y,579,2,3,3,녹색+황색+적색,50+3+50,2,3,1,N,00:00,00:00,N,Y,N,,전북특별자치도 전주시청,063-281-5024,2024-01-17
"전북특별자치도",전주시 덕진구,시도,,사평로,3,전북특별자치도 전주시 덕진구 사평로 58,전북특별자치도 전주시 덕진구 덕진동1가 1404-1,35.84212494,127.122423,3,1,Y,581,2,3,3,녹색+황색+적색,50+3+50,2,3,1,N,00:00,00:00,N,Y,N,,전북특별자치도 전주시청,063-281-5024,2024-01-17
"전북특별자치도",전주시 덕진구,시도,,전미로,3,,전북특별자치도 전주시 덕진구 전미동2가 956-1,35.89413221,127.1016143,3,2,Y,585,2,4,4,녹색+황색+녹색화살표+적색,50+3+50+50,2,3,1,N,00:00,00:00,N,Y,Y,,전북특별자치도 전주시청,063-281-5024,2024-01-17
"전북특별자치도",전주시 덕진구,시도,,전미로,3,,전북특별자치도 전주시 덕진구 전미동2가 68-22,35.892192,127.1029538,3,1,Y,586,2,3,3,녹색+황색+적색,50+3+50,2,3,1,Y,23:00,06:30,N,Y,Y,,전북특별자치도 전주시청,063-281-5024,2024-01-17
"전북특별자치도",전주시 덕진구,시도,,삼방죽로,3,,전북특별자치도 전주시 덕진구 인후동2가 10-4,35.839764,127.1513538,3,2,Y,590,1,4,4,녹색+황색+녹색화살표+적색,50+3+50+50,2,3,1,Y,22:00,06:00,N,N,N,,전북특별자치도 전주시청,063-281-5024,2024-01-17
"전북특별자치도",전주시 덕진구,시도,,백제대로,3,전북특별자치도 전주시 덕진구 백제대로 827,전북특별자치도 전주시 덕진구 우아동3가 746-36,35.84902077,127.1585246,3,1,Y,592,2,3,3,녹색+황색+적색,50+3+50,2,3,1,Y,09:30,00:00,N,Y,N,,전북특별자치도 전주시청,063-281-5024,2024-01-17
"전북특별자치도",전주시 덕진구,시도,,혁신로,3,전북특별자치도 전주시 덕진구 틀못3길 12,전북특별자치도 전주시 덕진구 장동 1064,35.84279376,127.055986,3,2,Y,601,2,4,4,녹색+황색+녹색화살표+적색,50+3+50+50,2,3,1,Y,23:00,06:30,N,Y,Y,,전북특별자치도 전주시청,063-281-5024,2024-01-17
"전북특별자치도",전주시 덕진구,시도,,정여립로,3,전북특별자치도 전주시 덕진구 정여립로 900,전북특별자치도 전주시 덕진구 만성동 860,35.83214919,127.0722028,3,2,Y,615,2,4,4,녹색+황색+녹색화살표+적색,50+3+50+50,2,3,1,Y,00:00,06:00,N,Y,Y,,전북특별자치도 전주시청,063-281-5024,2024-01-17
"전북특별자치도",전주시 완산구,시도,,물레방아로,3,,전북특별자치도 전주시 완산구 태평동 177-22,35.82379121,127.134755,3,2,Y,644,2,4,4,녹색+황색+녹색화살표+적색,50+3+50+50,2,3,1,Y,00:00,06:20,N,Y,Y,,전북특별자치도 전주시청,063-281-5024,2024-01-17
"전북특별자치도",전주시 완산구,시도,,물레방아로,3,,전북특별자치도 전주시 완산구 태평동 170-13,35.822746,127.1362982,3,2,Y,645,2,4,4,녹색+황색+녹색화살표+적색,50+3+50+50,2,3,1,N,00:00,00:00,N,Y,Y,,전북특별자치도 전주시청,063-281-5024,2024-01-17
"전북특별자치도",전주시 완산구,시도,,평화로,3,,전북특별자치도 전주시 완산구 평화동2가 911-1,35.78358746,127.1336928,3,2,Y,646,2,4,4,녹색+황색+녹색화살표+적색,50+3+50+50,2,3,1,N,00:00,00:00,N,Y,N,,전북특별자치도 전주시청,063-281-5024,2024-01-17
"전북특별자치도",전주시 덕진구,시도,,송천중앙로,3,,전북특별자치도 전주시 덕진구 송천동1가 293-5,35.85289537,127.1196204,3,2,Y,647,2,3,3,녹색+황색+적색,50+3+50,2,3,1,N,00:00,00:00,N,Y,N,,전북특별자치도 전주시청,063-281-5024,2024-01-17
"전북특별자치도",전주시 덕진구,시도,,팔과정로,3,,전북특별자치도 전주시 덕진구 팔복동1가 337-1,35.86070533,127.0967081,3,2,Y,648,2,4,4,녹색+황색+녹색화살표+적색,50+3+50+50,2,3,1,N,00:00,00:00,N,Y,Y,,전북특별자치도 전주시청,063-281-5024,2024-01-17
"전북특별자치도",전주시 덕진구,시도,,학산길,3,,전북특별자치도 전주시 덕진구 팔복동2가 803-17,35.85424753,127.0927336,3,2,Y,649,2,4,4,녹색+황색+녹색화살표+적색,50+3+50+50,2,3,1,N,00:00,00:00,N,Y,N,,전북특별자치도 전주시청,063-281-5024,2024-01-17
"전북특별자치도",전주시 덕진구,시도,,안전로,3,,전북특별자치도 전주시 덕진구 중동 816,35.83593862,127.0634749,3,2,Y,650,2,4,4,녹색+황색+녹색화살표+적색,50+3+50+50,2,3,1,Y,00:00,06:00,N,Y,N,,전북특별자치도 전주시청,063-281-5024,2024-01-17
"전북특별자치도",전주시 덕진구,시도,,가리내로,3,,전북특별자치도 전주시 덕진구 덕진동1가 1548-50,35.83850298,127.1155157,3,2,Y,651,2,3,3,녹색+황색+적색,50+3+50,2,3,1,Y,00:00,06:00,N,Y,N,,전북특별자치도 전주시청,063-281-5024,2024-01-17
"전북특별자치도",전주시 완산구,시도,,새터로,3,,전북특별자치도 전주시 완산구 서신동 962-1,35.83533777,127.1123274,3,2,Y,652,2,3,3,녹색+황색+적색,50+3+50,2,3,1,Y,18:00,07:00,Y,Y,N,,전북특별자치도 전주시청,063-281-5024,2024-01-17
"전북특별자치도",전주시 완산구,시도,,여울로,3,,전북특별자치도 전주시 완산구 서신동 931-1,35.836698,127.1119865,3,2,Y,653,2,3,3,녹색+황색+적색,50+3+50,2,3,1,N,00:00,00:00,N,Y,N,,전북특별자치도 전주시청,063-281-5024,2024-01-17
"전북특별자치도",전주시 완산구,시도,,매곡로,3,,전북특별자치도 전주시 완산구 동완산동 601-3,35.80969271,127.144711,3,2,Y,654,2,3,3,녹색+황색+적색,50+3+50,2,3,1,Y,00:00,06:00,N,Y,N,,전북특별자치도 전주시청,063-281-5024,2024-01-17
"전북특별자치도",전주시 완산구,시도,,우전로,3,,전북특별자치도 전주시 완산구 효자동3가 1642-5,35.82343218,127.1016538,3,2,Y,655,2,3,3,녹색+황색+적색,50+3+50,2,3,1,Y,22:00,07:00,N,N,N,,전북특별자치도 전주시청,063-281-5024,2024-01-17
"전북특별자치도",전주시 덕진구,시도,,무삼지로,3,,전북특별자치도 전주시 덕진구 인후동1가 855-9,35.8319317,127.1633529,3,2,Y,656,2,3,3,녹색+황색+적색,50+3+50,2,3,1,N,00:00,00:00,N,Y,Y,,전북특별자치도 전주시청,063-281-5024,2024-01-17
"전북특별자치도",전주시 완산구,시도,,천잠로,3,,전북특별자치도 전주시 완산구 효자동2가 354-1,35.801898,127.104802,3,2,Y,676,2,4,4,녹색+황색+녹색화살표+적색,50+3+50+50,2,3,1,Y,00:00,05:30,N,Y,Y,,전북특별자치도 전주시청,063-281-5024,2024-01-17
"전북특별자치도",전주시 덕진구,시도,,추천로,3,,전북특별자치도 전주시 덕진구 팔복동3가 산249-1,35.84177929,127.1012877,3,2,Y,680,2,4,4,녹색+황색+녹색화살표+적색,50+3+50+50,2,3,1,Y,23:00,06:30,N,Y,N,,전북특별자치도 전주시청,063-281-5024,2024-01-17
"전북특별자치도",전주시 덕진구,시도,,세병서로,3,,전북특별자치도 전주시 덕진구 송천동2가 1329-2,35.87276862,127.1238173,3,2,Y,681,2,4,4,녹색+황색+녹색화살표+적색,50+3+50+50,2,3,1,Y,00:00,06:30,N,Y,Y,,전북특별자치도 전주시청,063-281-5024,2024-01-17
"전북특별자치도",전주시 덕진구,시도,,안전로,3,,전북특별자치도 전주시 덕진구 장동 1078,35.8419867,127.0559991,3,2,Y,683,2,3,3,녹색+황색+적색,50+3+50,2,3,1,Y,00:00,06:00,N,Y,N,,전북특별자치도 전주시청,063-281-5024,2024-01-17
"전북특별자치도",전주시 덕진구,시도,,비석날로,3,,전북특별자치도 전주시 덕진구 팔복동2가 826,35.85980019,127.0822323,3,2,Y,684,2,4,4,녹색+황색+녹색화살표+적색,50+3+50+50,2,3,1,Y,00:00,06:00,N,Y,N,,전북특별자치도 전주시청,063-281-5024,2024-01-17
"전북특별자치도",전주시 덕진구,시도,,추천로,3,,전북특별자치도 전주시 덕진구 팔복동2가 800-2,35.8476162,127.1055497,3,2,Y,685,2,4,4,녹색+황색+녹색화살표+적색,50+3+50+50,2,3,1,Y,00:00,06:00,N,Y,N,,전북특별자치도 전주시청,063-281-5024,2024-01-17
"전북특별자치도",전주시 덕진구,시도,,추천로,3,,전북특별자치도 전주시 덕진구 팔복동2가 75-5,35.84642789,127.104645,3,2,Y,686,2,4,4,녹색+황색+녹색화살표+적색,50+3+50+50,2,3,1,N,00:00,00:00,N,Y,N,,전북특별자치도 전주시청,063-281-5024,2024-01-17
"전북특별자치도",전주시 덕진구,시도,,추천로,3,,전북특별자치도 전주시 덕진구 팔복동2가 800-1,35.85049614,127.1097493,3,2,Y,687,2,4,4,녹색+황색+녹색화살표+적색,50+3+50+50,2,3,1,N,00:00,00:00,N,Y,N,,전북특별자치도 전주시청,063-281-5024,2024-01-17
"전북특별자치도",전주시 덕진구,시도,,추천로,3,,전북특별자치도 전주시 덕진구 팔복동3가 36-5,35.84343967,127.1017442,3,2,Y,688,2,4,4,녹색+황색+녹색화살표+적색,50+3+50+50,2,3,1,N,00:00,00:00,N,Y,N,,전북특별자치도 전주시청,063-281-5024,2024-01-17
"전북특별자치도",전주시 덕진구,시도,,기린대로,3,,전북특별자치도 전주시 덕진구 여의동 651-2,35.86785293,127.0735771,3,1,Y,689,2,3,3,녹색+황색+적색,50+3+50,2,3,1,N,00:00,00:00,N,Y,N,,전북특별자치도 전주시청,063-281-5024,2024-01-17
"전북특별자치도",전주시 덕진구,시도,,견휜로,3,,전북특별자치도 전주시 덕진구 우아동3가 594-23,35.85524854,127.1556216,3,2,Y,692,2,4,4,녹색+황색+녹색화살표+적색,50+3+50+50,2,3,1,N,00:00,00:00,N,Y,N,,전북특별자치도 전주시청,063-281-5024,2024-01-17
"전북특별자치도",전주시 덕진구,시도,,가리내로,3,,전북특별자치도 전주시 덕진구 진북동 1123-61,35.8334892,127.131214,3,2,Y,694,2,4,4,녹색+황색+녹색화살표+적색,50+3+50+50,2,3,1,Y,00:00,06:30,N,Y,N,,전북특별자치도 전주시청,063-281-5024,2024-01-17
"전북특별자치도",전주시 덕진구,시도,,조경단로,3,,전북특별자치도 전주시 덕진구 금암동 1561-41,35.8404324,127.1388079,3,2,Y,695,2,4,4,녹색+황색+녹색화살표+적색,50+3+50+50,2,3,1,Y,00:00,06:20,N,Y,N,,전북특별자치도 전주시청,063-281-5024,2024-01-17
"전북특별자치도",전주시 완산구,시도,,신봉로,3,,전북특별자치도 전주시 완산구 효자동1가 636,35.81019755,127.120056,3,2,Y,696,2,4,4,녹색+황색+녹색화살표+적색,50+3+50+50,2,3,1,Y,09:00,00:00,N,Y,N,,전북특별자치도 전주시청,063-281-5024,2024-01-17
"전북특별자치도",전주시 완산구,시도,,거마평로,3,전북특별자치도 전주시 완산구 강변로 120,전북특별자치도 전주시 완산구 효자동1가 660-1,35.80156278,127.1128797,3,2,Y,698,2,4,4,녹색+황색+녹색화살표+적색,50+3+50+50,2,3,1,N,00:00,00:00,N,Y,N,,전북특별자치도 전주시청,063-281-5024,2024-01-17
"전북특별자치도",전주시 덕진구,시도,,백제대로,3,,전북특별자치도 전주시 덕진구 덕진동1가 1173-2,35.835733,127.1246978,3,2,Y,701,1,3,3,녹색+황색+적색,50+3+50,2,3,1,Y,23:00,06:00,N,Y,N,,전북특별자치도 전주시청,063-281-5024,2024-01-17
"전북특별자치도",전주시 완산구,시도,,정여립로,3,,전북특별자치도 전주시 완산구 삼천동3가 산35-16,35.80103399,127.0804684,3,1,Y,704,1,3,3,녹색+황색+적색,50+3+50,2,3,1,N,00:00,00:00,N,Y,N,,전북특별자치도 전주시청,063-281-5024,2024-01-17
"전북특별자치도",전주시 완산구,시도,,충경로,3,전북특별자치도 전주시 완산구 충경로 17,전북특별자치도 전주시 완산구 중앙동1가 33-1,35.81713185,127.141342,3,2,Y,708,1,3,3,녹색+황색+적색,50+3+50,2,3,1,Y,00:00,06:00,N,Y,N,,전북특별자치도 전주시청,063-281-5024,2024-01-17
"전북특별자치도",전주시 완산구,시도,,서원로,3,,전북특별자치도 전주시 완산구 중화산동2가 529-14,35.81261819,127.120145,3,2,Y,709,2,4,4,녹색+황색+녹색화살표+적색,50+3+50+50,2,3,1,Y,23:00,06:20,N,Y,N,,전북특별자치도 전주시청,063-281-5024,2024-01-17
"전북특별자치도",전주시 완산구,시도,,모악로,3,,전북특별자치도 전주시 완산구 평화동2가 458-36,35.784381,127.126579,3,2,Y,712,2,4,4,녹색+황색+녹색화살표+적색,50+3+50+50,2,3,1,Y,22:30,06:30,N,Y,N,,전북특별자치도 전주시청,063-281-5024,2024-01-17
"전북특별자치도",전주시 완산구,시도,,모악로,3,전북특별자치도 전주시 완산구 모악로 4649,전북특별자치도 전주시 완산구 평화동2가 458-10,35.78470229,127.1285086,3,2,Y,713,2,4,4,녹색+황색+녹색화살표+적색,50+3+50+50,2,3,1,Y,22:00,06:00,N,Y,N,,전북특별자치도 전주시청,063-281-5024,2024-01-17
"전북특별자치도",전주시 완산구,시도,,효자로,3,,전북특별자치도 전주시 완산구 중화산동2가 585-16,35.8192792,127.1203533,3,2,Y,714,2,4,4,녹색+황색+녹색화살표+적색,50+3+50+50,2,3,1,N,00:00,00:00,N,Y,N,,전북특별자치도 전주시청,063-281-5024,2024-01-17
"전북특별자치도",전주시 덕진구,시도,,기린대로,3,,전북특별자치도 전주시 덕진구 팔복동1가 713-13,35.860048,127.0977900440,3,2,Y,717,2,4,4,녹색+황색+녹색화살표+적색,50+3+50+50,2,3,1,N,00:00,00:00,N,Y,N,,전북특별자치도 전주시청,063-281-5024,2024-01-17
"전북특별자치도",전주시 덕진구,시도,,들사평로,3,,전북특별자치도 전주시 덕진구 덕진동1가 1282-10,35.84075454,127.127127,3,2,Y,719,2,4,4,녹색+황색+녹색화살표+적색,50+3+50+50,2,3,1,Y,22:00,06:30,N,Y,N,,전북특별자치도 전주시청,063-281-5024,2024-01-17
"전북특별자치도",전주시 덕진구,시도,,우아로,3,,전북특별자치도 전주시 덕진구 우아동3가 743-149,35.85182009,127.156321,3,2,Y,724,2,4,4,녹색+황색+녹색화살표+적색,50+3+50+50,2,3,1,Y,00:00,06:00,N,Y,Y,,전북특별자치도 전주시청,063-281-5024,2024-01-17
"전북특별자치도",전주시 덕진구,시도,,견훤로,3,,전북특별자치도 전주시 덕진구 우아동3가 599-2,35.85464586,127.1552106,3,1,Y,725.A,2,3,3,녹색+황색+적색,50+3+50,2,3,1,N,00:00,00:00,N,Y,Y,,전북특별자치도 전주시청,063-281-5024,2024-01-17
"전북특별자치도",전주시 덕진구,시도,,아중로,3,,전북특별자치도 전주시 덕진구 우아동2가 918-12,35.82827931,127.1716631,3,1,Y,727,2,3,3,녹색+황색+적색,50+3+50,2,3,1,Y,23:00,06:00,N,Y,N,,전북특별자치도 전주시청,063-281-5024,2024-01-17
"전북특별자치도",전주시 덕진구,시도,,팔과정로,3,,전북특별자치도 전주시 덕진구 팔복동2가 571-2,35.85802444,127.091665,3,2,Y,730,2,4,4,녹색+황색+녹색화살표+적색,50+3+50+50,2,3,1,Y,22:00,06:00,N,Y,Y,,전북특별자치도 전주시청,063-281-5024,2024-01-17
"전북특별자치도",전주시 덕진구,시도,,팔과정로,3,,전북특별자치도 전주시 덕진구 팔복동4가 377-2,35.86155137,127.095126,3,2,Y,731,2,4,4,녹색+황색+녹색화살표+적색,50+3+50+50,2,3,1,Y,22:00,06:00,N,Y,Y,,전북특별자치도 전주시청,063-281-5024,2024-01-17
"전북특별자치도",전주시 완산구,시도,,전주천서로,3,,전북특별자치도 전주시 완산구 서신동 738-24,35.83051529,127.1271055,3,2,Y,735,2,4,4,녹색+황색+녹색화살표+적색,50+3+50+50,2,3,1,N,00:00,00:00,N,Y,Y,,전북특별자치도 전주시청,063-281-5024,2024-01-17
"전북특별자치도",전주시 완산구,시도,,전룡로,3,,전북특별자치도 전주시 완산구 서신동 23-49,35.82880182,127.1243734,3,2,Y,736,2,4,4,녹색+황색+녹색화살표+적색,50+3+50+50,2,3,1,N,00:00,00:00,N,Y,Y,,전북특별자치도 전주시청,063-281-5024,2024-01-17
"전북특별자치도",전주시 완산구,시도,27,기린대로,3,,전북특별자치도 전주시 완산구 교동 36-2,35.81360589,127.1569981,3,1,Y,738,2,3,3,녹색+황색+적색,50+3+50,2,3,1,Y,00:00,06:00,N,Y,N,,전북특별자치도 전주시청,063-281-5024,2024-01-17
"전북특별자치도",전주시 덕진구,시도,,혁신로,3,,전북특별자치도 전주시 덕진구 여의동 1220-2,35.86791141,127.071423,3,2,Y,739,1,4,4,녹색+황색+녹색화살표+적색,50+3+50+50,2,3,1,Y,23:00,06:20,N,N,N,,전북특별자치도 전주시청,063-281-5024,2024-01-17
"전북특별자치도",전주시 완산구,시도,,쑥고개로,3,,전북특별자치도 전주시 완산구 효자동2가 1137-1,35.801181,127.0959541,3,1,Y,740,2,3,3,녹색+황색+적색,50+3+50,2,3,3,N,00:00,00:00,N,Y,N,,전북특별자치도 전주시청,063-281-5024,2024-01-17
"전북특별자치도",전주시 완산구,시도,,충경로,3,,전북특별자치도 전주시 완산구 경원동 1가 2-7,35.81896918,127.1478132,3,1,Y,742,2,3,3,녹색+황색+적색,50+3+50,2,3,1,Y,22:00,00:00,N,Y,N,,전북특별자치도 전주시청,063-281-5024,2024-01-17
"전북특별자치도",전주시 덕진구,시도,,팔과정로,3,,전북특별자치도 전주시 덕진구 팔복동3가 419,35.85184302,127.0869194,3,2,Y,751,2,4,4,녹색+황색+녹색화살표+적색,50+3+50+50,2,3,1,Y,23:00,06:30,N,Y,N,,전북특별자치도 전주시청,063-281-5024,2024-01-17
"전북특별자치도",전주시 완산구,시도,,춘향로,3,,전북특별자치도 전주시 완산구 색장동 425-3,35.79869914,127.181426,3,2,Y,754,2,4,4,녹색+황색+녹색화살표+적색,50+3+50+50,2,3,1,Y,00:00,06:30,N,Y,N,,전북특별자치도 전주시청,063-281-5024,2024-01-17
"전북특별자치도",전주시 완산구,시도,,유연로,3,전북특별자치도 전주시 완산구 유연로 312,전북특별자치도 전주시 완산구 중화산동2가 730-1,35.82505385,127.1196245,3,2,Y,755,2,4,4,녹색+황색+녹색화살표+적색,50+3+50+50,2,3,1,N,00:00,00:00,N,Y,N,,전북특별자치도 전주시청,063-281-5024,2024-01-17
"전북특별자치도",전주시 완산구,시도,,춘향로,3,,전북특별자치도 전주시 완산구 대성동 9-2,35.79932261,127.178399,3,2,Y,757,1,4,4,녹색+황색+녹색화살표+적색,50+3+50+50,2,3,1,Y,09:00,00:00,Y,N,N,,전북특별자치도 전주시청,063-281-5024,2024-01-17
"전북특별자치도",전주시 덕진구,시도,,동부대로,3,,전북특별자치도 전주시 덕진구 송천동2가 1258-4,35.870057,127.1081143,3,2,Y,761,1,4,4,녹색+황색+녹색화살표+적색,50+3+50+50,2,3,3,Y,23:00,06:30,N,N,N,,전북특별자치도 전주시청,063-281-5024,2024-01-17
"전북특별자치도",전주시 덕진구,시도,,사평로,3,,전북특별자치도 전주시 덕진구 덕진동1가 1405-10,35.841456,127.121213,3,2,Y,764,2,4,4,녹색+황색+녹색화살표+적색,50+3+50+50,2,3,1,Y,23:00,06:00,N,Y,N,,전북특별자치도 전주시청,063-281-5024,2024-01-17
"전북특별자치도",전주시 완산구,시도,,견훤황궁2길,3,,전북특별자치도 전주시 완산구 중노송동 393-2,35.828316,127.154164,3,2,Y,768,2,4,4,녹색+황색+녹색화살표+적색,50+3+50+50,2,3,1,Y,23:00,06:20,N,Y,N,,전북특별자치도 전주시청,063-281-5024,2024-01-17
"전북특별자치도",전주시 덕진구,시도,,세병로,3,,전북특별자치도 전주시 덕진구 송천동2가 1391,35.87416114,127.1290756,3,2,Y,769,2,4,4,녹색+황색+녹색화살표+적색,50+3+50+50,2,3,1,Y,22:00,05:30,N,Y,N,,전북특별자치도 전주시청,063-281-5024,2024-01-17
"전북특별자치도",전주시 덕진구,시도,,세병로,3,,전북특별자치도 전주시 덕진구 송천동2가 1325-5,35.87503213,127.1272177,3,2,Y,770,2,4,4,녹색+황색+녹색화살표+적색,50+3+50+50,2,3,1,Y,23:00,06:30,N,Y,N,,전북특별자치도 전주시청,063-281-5024,2024-01-17
"전북특별자치도",전주시 덕진구,시도,,세병로,3,,전북특별자치도 전주시 덕진구 송천동2가 1313,35.87467895,127.1291071,3,2,Y,771,2,4,4,녹색+황색+녹색화살표+적색,50+3+50+50,2,3,1,Y,00:00,05:00,N,Y,N,,전북특별자치도 전주시청,063-281-5024,2024-01-17
"전북특별자치도",전주시 덕진구,시도,,세병로,3,전북특별자치도 전주시 덕진구 세병로 175,전북특별자치도 전주시 덕진구 송천동2가 1307,35.87799168,127.1331825,3,2,Y,780,2,4,4,녹색+황색+녹색화살표+적색,50+3+50+50,2,3,1,Y,00:00,06:30,N,Y,Y,,전북특별자치도 전주시청,063-281-5024,2024-01-17
"전북특별자치도",전주시 덕진구,시도,,세병로,3,전북특별자치도 전주시 덕진구 세병로 171,전북특별자치도 전주시 덕진구 송천동2가 1306,35.87828015,127.1332883,3,2,Y,781,2,4,4,녹색+황색+녹색화살표+적색,50+3+50+50,2,3,1,N,00:00,00:00,N,Y,Y,,전북특별자치도 전주시청,063-281-5024,2024-01-17
"전북특별자치도",전주시 덕진구,시도,,백석로,3,,전북특별자치도 전주시 덕진구 송천동2가 1345,35.87579274,127.1365361,3,2,Y,782,2,4,4,녹색+황색+녹색화살표+적색,50+3+50+50,2,3,1,Y,00:00,06:20,N,Y,Y,,전북특별자치도 전주시청,063-281-5024,2024-01-17
"전북특별자치도",전주시 덕진구,시도,,세병로,3,,전북특별자치도 전주시 덕진구 송천동2가 1307,35.87642715,127.1354794,3,2,Y,783,2,4,4,녹색+황색+녹색화살표+적색,50+3+50+50,2,3,1,N,00:00,00:00,N,Y,Y,,전북특별자치도 전주시청,063-281-5024,2024-01-17
"전북특별자치도",전주시 덕진구,시도,,세병로,3,전북특별자치도 전주시 덕진구 세병로 175,전북특별자치도 전주시 덕진구 송천동2가 1306,35.87799168,127.133138,3,2,Y,795,2,4,4,녹색+황색+녹색화살표+적색,50+3+50+50,2,3,1,Y,23:00,06:30,N,Y,Y,,전북특별자치도 전주시청,063-281-5024,2024-01-17
"전북특별자치도",전주시 덕진구,시도,,세병로,3,,전북특별자치도 전주시 덕진구 송천동2가 1298-4,35.88044781,127.1337876,3,2,Y,798,2,4,4,녹색+황색+녹색화살표+적색,50+3+50+50,2,3,1,Y,23:00,06:30,N,Y,Y,,전북특별자치도 전주시청,063-281-5024,2024-01-17
"전북특별자치도",전주시 덕진구,시도,,세병로,3,,전북특별자치도 전주시 덕진구 송천동2가 1298,35.88124098,127.1311214,3,2,Y,799,2,4,4,녹색+황색+녹색화살표+적색,50+3+50+50,2,3,1,Y,20:00,06:00,N,Y,Y,,전북특별자치도 전주시청,063-281-5024,2024-01-17
"전북특별자치도",전주시 덕진구,시도,,세병로,3,,전북특별자치도 전주시 덕진구 송천동2가 1383,35.87634899,127.1371413,3,2,Y,800,2,4,4,녹색+황색+녹색화살표+적색,50+3+50+50,2,3,1,Y,00:00,06:20,N,Y,Y,,전북특별자치도 전주시청,063-281-5024,2024-01-17
"전북특별자치도",전주시 덕진구,시도,,세병로,3,,전북특별자치도 전주시 덕진구 송천동2가 1384,35.87235422,127.1350066,3,2,Y,804,2,4,4,녹색+황색+녹색화살표+적색,50+3+50+50,2,3,1,N,00:00,00:00,N,Y,Y,,전북특별자치도 전주시청,063-281-5024,2024-01-17
"전북특별자치도",전주시 덕진구,시도,,초포로,3,,전북특별자치도 전주시 덕진구 호성동2가 765-2,35.876117,127.1393685,3,2,Y,809,2,4,4,녹색+황색+녹색화살표+적색,50+3+50+50,2,3,1,N,00:00,00:00,N,Y,Y,,전북특별자치도 전주시청,063-281-5024,2024-01-17
"전북특별자치도",전주시 덕진구,시도,,초포로,3,,전북특별자치도 전주시 덕진구 호성동2가 771-4,35.874917,127.142436,3,2,Y,810,2,4,4,녹색+황색+녹색화살표+적색,50+3+50+50,2,3,1,Y,22:00,06:30,N,Y,N,,전북특별자치도 전주시청,063-281-5024,2024-01-17
"전북특별자치도",전주시 덕진구,시도,,초포로,3,,전북특별자치도 전주시 덕진구 호성동2가 530-5,35.87444023,127.149699,3,2,Y,811,2,4,4,녹색+황색+녹색화살표+적색,50+3+50+50,2,3,1,N,00:00,00:00,N,Y,N,,전북특별자치도 전주시청,063-281-5024,2024-01-17
"전북특별자치도",전주시 덕진구,시도,,만성서로,3,,전북특별자치도 전주시 덕진구 여의동 896-1,35.85065386,127.0752724,3,2,Y,833,2,4,4,녹색+황색+녹색화살표+적색,50+3+50+50,2,3,1,Y,09:00,00:00,N,Y,Y,,전북특별자치도 전주시청,063-281-5024,2024-01-17
"전북특별자치도",전주시 덕진구,시도,,온고을로,3,,전북특별자치도 전주시 덕진구 여의동 837-2,35.85173641,127.0785306,3,1,Y,839,2,3,3,녹색+황색+적색,50+3+50,2,3,1,Y,20:00,00:00,N,Y,Y,,전북특별자치도 전주시청,063-281-5024,2024-01-17
"전북특별자치도",전주시 덕진구,시도,,온고을로,3,,전북특별자치도 전주시 덕진구 만성동 359-7,35.85035683,127.082094,3,1,Y,840,2,3,3,녹색+황색+적색,50+3+50,2,3,1,Y,23:00,06:00,N,Y,Y,,전북특별자치도 전주시청,063-281-5024,2024-01-17
"전북특별자치도",전주시 덕진구,시도,,만성서로,3,,전북특별자치도 전주시 덕진구 만성동 1062,35.84513952,127.0692323,3,2,Y,850,2,4,4,녹색+황색+녹색화살표+적색,50+3+50+50,2,3,1,Y,22:30,07:00,N,Y,Y,,전북특별자치도 전주시청,063-281-5024,2024-01-17
"전북특별자치도",전주시 덕진구,시도,,만성로,3,,전북특별자치도 전주시 덕진구 만성동 1323,35.84011781,127.0775941,3,2,Y,861,2,4,4,녹색+황색+녹색화살표+적색,50+3+50+50,2,3,1,N,00:00,00:00,N,Y,Y,,전북특별자치도 전주시청,063-281-5024,2024-01-17
"전북특별자치도",전주시 덕진구,시도,,만성로,3,,전북특별자치도 전주시 덕진구 만성동 1299,35.84228577,127.0733229,3,2,Y,864,2,4,4,녹색+황색+녹색화살표+적색,50+3+50+50,2,3,1,N,00:00,00:00,N,Y,Y,,전북특별자치도 전주시청,063-281-5024,2024-01-17
"전북특별자치도",전주시 완산구,시도,,우림로,3,,전북특별자치도 전주시 완산구 중인동 137-10,35.77895212,127.1042817,3,2,Y,881,2,4,4,녹색+황색+녹색화살표+적색,50+3+50+50,2,3,1,N,00:00,00:00,N,Y,N,,전북특별자치도 전주시청,063-281-5024,2024-01-17
"전북특별자치도",전주시 완산구,시도,,우림로,3,,전북특별자치도 전주시 완산구 삼천동2가 677-12,35.77507265,127.0984743,3,2,Y,882,2,4,4,녹색+황색+녹색화살표+적색,50+3+50+50,2,3,1,N,00:00,00:00,N,Y,N,,전북특별자치도 전주시청,063-281-5024,2024-01-17
"전북특별자치도",전주시 완산구,시도,,우림로,3,,전북특별자치도 전주시 완산구 삼천동2가 676-1,35.77528682,127.0984833,3,2,Y,883,2,3,3,녹색+황색+적색,50+3+50,2,3,1,N,00:00,00:00,N,Y,N,,전북특별자치도 전주시청,063-281-5024,2024-01-17
"전북특별자치도",전주시 완산구,시도,,전주천서로,3,,전북특별자치도 전주시 완산구 동완산동 산1-10,35.81047197,127.1482139,3,2,Y,884,2,3,3,녹색+황색+적색,50+3+50,2,3,1,N,00:00,00:00,N,N,N,,전북특별자치도 전주시청,063-281-5024,2024-01-17
"전북특별자치도",전주시 완산구,시도,,전주천서로,3,,전북특별자치도 전주시 완산구 서신동 71-9,35.83197136,127.1260887,3,2,Y,885,2,3,3,녹색+황색+적색,50+3+50,2,3,1,N,00:00,00:00,N,Y,N,,전북특별자치도 전주시청,063-281-5024,2024-01-17
"전북특별자치도",전주시 완산구,시도,,따박골로,3,,전북특별자치도 전주시 완산구 효자동1가 186-11,35.806616,127.126622,3,2,Y,890,2,4,4,녹색+황색+녹색화살표+적색,50+3+50+50,2,3,1,N,00:00,00:00,N,Y,Y,,전북특별자치도 전주시청,063-281-5024,2024-01-17
"전북특별자치도",전주시 덕진구,시도,,온고을로,3,,전북특별자치도 전주시 덕진구 팔복동3가 410,35.84512928,127.0967046,3,2,Y,891,2,3,3,녹색+황색+적색,50+3+50,2,3,1,N,00:00,00:00,N,N,N,,전북특별자치도 전주시청,063-281-5024,2024-01-17
"전북특별자치도",전주시 완산구,시도,,노송광장로,3,,전북특별자치도 전주시 완산구 서노송동 563-2,35.82310979,127.1486142,3,2,Y,892,2,3,3,녹색+황색+적색,50+3+50,2,3,1,N,00:00,00:00,N,Y,N,,전북특별자치도 전주시청,063-281-5024,2024-01-17
"전북특별자치도",전주시 완산구,시도,,춘향로,3,,전북특별자치도 전주시 완산구 동서학동 826-1,35.80601668,127.1627652,3,2,Y,893,2,3,3,녹색+황색+적색,50+3+50,2,3,1,N,00:00,00:00,N,N,N,,전북특별자치도 전주시청,063-281-5024,2024-01-17
"전북특별자치도",전주시 완산구,시도,,중화산로,3,,전북특별자치도 전주시 완산구 중화산동2가 788,35.82259717,127.1179998,3,2,Y,894,2,3,3,녹색+황색+적색,50+3+50,2,3,1,N,00:00,00:00,N,Y,N,,전북특별자치도 전주시청,063-281-5024,2024-01-17
